/*
SQLyog v10.2 
MySQL - 5.6.28-log : Database - jxc
*********************************************************************
*/

/*!40101 SET NAMES utf8 */;

/*!40101 SET SQL_MODE=''*/;

/*!40014 SET @OLD_UNIQUE_CHECKS=@@UNIQUE_CHECKS, UNIQUE_CHECKS=0 */;
/*!40014 SET @OLD_FOREIGN_KEY_CHECKS=@@FOREIGN_KEY_CHECKS, FOREIGN_KEY_CHECKS=0 */;
/*!40101 SET @OLD_SQL_MODE=@@SQL_MODE, SQL_MODE='NO_AUTO_VALUE_ON_ZERO' */;
/*!40111 SET @OLD_SQL_NOTES=@@SQL_NOTES, SQL_NOTES=0 */;
CREATE DATABASE /*!32312 IF NOT EXISTS*/`jxc` /*!40100 DEFAULT CHARACTER SET utf8 */;

USE `jxc`;

/*Table structure for table `act_evt_log` */

DROP TABLE IF EXISTS `act_evt_log`;

CREATE TABLE `act_evt_log` (
  `LOG_NR_` bigint(20) NOT NULL AUTO_INCREMENT,
  `TYPE_` varchar(64) COLLATE utf8_bin DEFAULT NULL,
  `PROC_DEF_ID_` varchar(64) COLLATE utf8_bin DEFAULT NULL,
  `PROC_INST_ID_` varchar(64) COLLATE utf8_bin DEFAULT NULL,
  `EXECUTION_ID_` varchar(64) COLLATE utf8_bin DEFAULT NULL,
  `TASK_ID_` varchar(64) COLLATE utf8_bin DEFAULT NULL,
  `TIME_STAMP_` timestamp(3) NOT NULL DEFAULT CURRENT_TIMESTAMP(3) ON UPDATE CURRENT_TIMESTAMP(3),
  `USER_ID_` varchar(255) COLLATE utf8_bin DEFAULT NULL,
  `DATA_` longblob,
  `LOCK_OWNER_` varchar(255) COLLATE utf8_bin DEFAULT NULL,
  `LOCK_TIME_` timestamp(3) NULL DEFAULT NULL,
  `IS_PROCESSED_` tinyint(4) DEFAULT '0',
  PRIMARY KEY (`LOG_NR_`)
) ENGINE=InnoDB AUTO_INCREMENT=57 DEFAULT CHARSET=utf8 COLLATE=utf8_bin;

/*Data for the table `act_evt_log` */

insert  into `act_evt_log`(`LOG_NR_`,`TYPE_`,`PROC_DEF_ID_`,`PROC_INST_ID_`,`EXECUTION_ID_`,`TASK_ID_`,`TIME_STAMP_`,`USER_ID_`,`DATA_`,`LOCK_OWNER_`,`LOCK_TIME_`,`IS_PROCESSED_`) values (1,'PROCESSINSTANCE_END','process:1:29','10001',NULL,NULL,'2018-12-26 16:52:46.378','kermit','{\"timeStamp\":1545814366378,\"processDefinitionId\":\"process:1:29\",\"businessKey\":\"2af15d15-4c73-4ba0-9954-e70f8404acd1\",\"id\":\"10001\",\"endTime\":1545814366378,\"userId\":\"kermit\"}',NULL,NULL,0),(2,'PROCESSINSTANCE_END','process:1:29','12501',NULL,NULL,'2018-12-26 16:52:46.434','kermit','{\"timeStamp\":1545814366434,\"processDefinitionId\":\"process:1:29\",\"businessKey\":\"9533c799-0a1f-4671-8525-08586ed9b848\",\"id\":\"12501\",\"endTime\":1545814366434,\"userId\":\"kermit\"}',NULL,NULL,0),(3,'PROCESSINSTANCE_END','process:1:29','2501',NULL,NULL,'2018-12-26 16:52:46.476','kermit','{\"timeStamp\":1545814366476,\"processDefinitionId\":\"process:1:29\",\"businessKey\":\"c98b1707-3391-466f-8a86-29f55394d392\",\"id\":\"2501\",\"endTime\":1545814366476,\"userId\":\"kermit\"}',NULL,NULL,0),(4,'PROCESSINSTANCE_END','process:1:29','5001',NULL,NULL,'2018-12-26 16:52:46.516','kermit','{\"timeStamp\":1545814366516,\"processDefinitionId\":\"process:1:29\",\"businessKey\":\"4b2dbd91-740a-44d5-8b48-167128141193\",\"id\":\"5001\",\"endTime\":1545814366516,\"userId\":\"kermit\"}',NULL,NULL,0),(5,'PROCESSINSTANCE_END','process:1:29','5008',NULL,NULL,'2018-12-26 16:52:46.562','kermit','{\"timeStamp\":1545814366562,\"processDefinitionId\":\"process:1:29\",\"businessKey\":\"8f907430-60be-4fd6-ae8f-8f8db8cb2031\",\"id\":\"5008\",\"endTime\":1545814366562,\"userId\":\"kermit\"}',NULL,NULL,0),(6,'PROCESSINSTANCE_END','process:1:29','5016',NULL,NULL,'2018-12-26 16:52:46.602','kermit','{\"timeStamp\":1545814366602,\"processDefinitionId\":\"process:1:29\",\"businessKey\":\"6d42c979-cd05-4ac8-93ef-bc5bea134d81\",\"id\":\"5016\",\"endTime\":1545814366602,\"userId\":\"kermit\"}',NULL,NULL,0),(7,'PROCESSINSTANCE_END','process:1:29','7501',NULL,NULL,'2018-12-26 16:52:46.651','kermit','{\"timeStamp\":1545814366651,\"processDefinitionId\":\"process:1:29\",\"businessKey\":\"118df6d6-063b-4383-95a9-5b8fa985dd4d\",\"id\":\"7501\",\"endTime\":1545814366651,\"userId\":\"kermit\"}',NULL,NULL,0),(8,'PROCESSINSTANCE_END','process:1:29','7509',NULL,NULL,'2018-12-26 16:52:46.691','kermit','{\"timeStamp\":1545814366691,\"processDefinitionId\":\"process:1:29\",\"businessKey\":\"3b1668b0-a683-4ac1-a4b0-9a1ad8dda579\",\"id\":\"7509\",\"endTime\":1545814366691,\"userId\":\"kermit\"}',NULL,NULL,0),(9,'PROCESSINSTANCE_END','process:1:15004','12519',NULL,NULL,'2019-01-24 23:05:44.731','kermit','{\"timeStamp\":1548342344731,\"processDefinitionId\":\"process:1:15004\",\"businessKey\":\"bdb6ab88-a2c8-49cd-8ea0-db5500d7c943\",\"id\":\"12519\",\"endTime\":1548342344731,\"userId\":\"kermit\"}',NULL,NULL,0),(10,'VARIABLE_DELETED',NULL,'12528','12528',NULL,'2019-01-24 23:05:44.787','kermit','{\"timeStamp\":1548342344787,\"processInstanceId\":\"12528\",\"executionId\":\"12528\",\"variableType\":\"boolean\",\"name\":\"agree\",\"endTime\":1548342344787,\"userId\":\"kermit\"}',NULL,NULL,0),(11,'PROCESSINSTANCE_END','process:1:15004','12528',NULL,NULL,'2019-01-24 23:05:44.791','kermit','{\"timeStamp\":1548342344791,\"processDefinitionId\":\"process:1:15004\",\"businessKey\":\"129983d0-61dd-40cf-9cd7-ba2f37c3482c\",\"id\":\"12528\",\"endTime\":1548342344791,\"userId\":\"kermit\"}',NULL,NULL,0),(12,'PROCESSINSTANCE_END','process:1:15004','12537',NULL,NULL,'2019-01-24 23:05:44.861','kermit','{\"timeStamp\":1548342344861,\"processDefinitionId\":\"process:1:15004\",\"businessKey\":\"a83d6bd2-cd59-4747-8ca9-05045cbf771d\",\"id\":\"12537\",\"endTime\":1548342344861,\"userId\":\"kermit\"}',NULL,NULL,0),(13,'PROCESSINSTANCE_END','process:1:15004','12546',NULL,NULL,'2019-01-24 23:05:44.914','kermit','{\"timeStamp\":1548342344914,\"processDefinitionId\":\"process:1:15004\",\"businessKey\":\"8840651f-5fb2-4ee4-a562-e27c14ef877f\",\"id\":\"12546\",\"endTime\":1548342344914,\"userId\":\"kermit\"}',NULL,NULL,0),(14,'PROCESSINSTANCE_END','process:1:15004','12555',NULL,NULL,'2019-01-24 23:05:44.964','kermit','{\"timeStamp\":1548342344964,\"processDefinitionId\":\"process:1:15004\",\"businessKey\":\"91732152-efc5-423b-86a7-1bdbe9cee11c\",\"id\":\"12555\",\"endTime\":1548342344964,\"userId\":\"kermit\"}',NULL,NULL,0),(15,'PROCESSINSTANCE_END','process:1:15004','12563',NULL,NULL,'2019-01-24 23:05:45.005','kermit','{\"timeStamp\":1548342345005,\"processDefinitionId\":\"process:1:15004\",\"businessKey\":\"be9848bf-d790-4b38-96c8-af8500c08c07\",\"id\":\"12563\",\"endTime\":1548342345005,\"userId\":\"kermit\"}',NULL,NULL,0),(16,'PROCESSINSTANCE_END','process:1:15004','12571',NULL,NULL,'2019-01-24 23:05:45.052','kermit','{\"timeStamp\":1548342345052,\"processDefinitionId\":\"process:1:15004\",\"businessKey\":\"c5a0cecd-47a3-44cd-9638-2ced96bd8d6e\",\"id\":\"12571\",\"endTime\":1548342345052,\"userId\":\"kermit\"}',NULL,NULL,0),(17,'PROCESSINSTANCE_END','process:1:15004','12579',NULL,NULL,'2019-01-24 23:05:45.107','kermit','{\"timeStamp\":1548342345107,\"processDefinitionId\":\"process:1:15004\",\"businessKey\":\"506c95f5-f0a1-4bf9-9f9b-96cd4300aac4\",\"id\":\"12579\",\"endTime\":1548342345107,\"userId\":\"kermit\"}',NULL,NULL,0),(18,'PROCESSINSTANCE_END','process:1:15004','12587',NULL,NULL,'2019-01-24 23:05:45.149','kermit','{\"timeStamp\":1548342345149,\"processDefinitionId\":\"process:1:15004\",\"businessKey\":\"c989ce24-607d-4b64-b892-4a105a6e6b3d\",\"id\":\"12587\",\"endTime\":1548342345149,\"userId\":\"kermit\"}',NULL,NULL,0),(19,'VARIABLE_DELETED',NULL,'22501','22501',NULL,'2019-01-24 23:05:45.185','kermit','{\"timeStamp\":1548342345185,\"processInstanceId\":\"22501\",\"executionId\":\"22501\",\"variableType\":\"boolean\",\"name\":\"agree\",\"endTime\":1548342345185,\"userId\":\"kermit\"}',NULL,NULL,0),(20,'PROCESSINSTANCE_END','process:1:15004','22501',NULL,NULL,'2019-01-24 23:05:45.188','kermit','{\"timeStamp\":1548342345188,\"processDefinitionId\":\"process:1:15004\",\"businessKey\":\"dda6c5c2-acd5-4f3a-bf95-ab2106023d49\",\"id\":\"22501\",\"endTime\":1548342345188,\"userId\":\"kermit\"}',NULL,NULL,0),(21,'VARIABLE_DELETED',NULL,'30001','30001',NULL,'2019-01-25 00:30:59.484','kermit','{\"timeStamp\":1548347459484,\"processInstanceId\":\"30001\",\"executionId\":\"30001\",\"variableType\":\"boolean\",\"name\":\"agree\",\"endTime\":1548347459484,\"userId\":\"kermit\"}',NULL,NULL,0),(22,'PROCESSINSTANCE_END','process:1:27504','30001',NULL,NULL,'2019-01-25 00:30:59.497','kermit','{\"timeStamp\":1548347459497,\"processDefinitionId\":\"process:1:27504\",\"businessKey\":\"ab0ac643-3724-477e-bfb8-b5ade62661f8\",\"id\":\"30001\",\"endTime\":1548347459497,\"userId\":\"kermit\"}',NULL,NULL,0),(23,'PROCESSINSTANCE_END','process:1:27504','32501',NULL,NULL,'2019-01-25 00:30:59.562','kermit','{\"timeStamp\":1548347459562,\"processDefinitionId\":\"process:1:27504\",\"businessKey\":\"3e33b901-5b3a-4642-bb58-15ddb53d4aaf\",\"id\":\"32501\",\"endTime\":1548347459562,\"userId\":\"kermit\"}',NULL,NULL,0),(24,'VARIABLE_DELETED',NULL,'40001','40001',NULL,'2019-01-25 10:43:30.293','kermit','{\"timeStamp\":1548384210293,\"processInstanceId\":\"40001\",\"executionId\":\"40001\",\"variableType\":\"boolean\",\"name\":\"agree\",\"endTime\":1548384210293,\"userId\":\"kermit\"}',NULL,NULL,0),(25,'PROCESSINSTANCE_END','process:1:37504','40001',NULL,NULL,'2019-01-25 10:43:30.300','kermit','{\"timeStamp\":1548384210300,\"processDefinitionId\":\"process:1:37504\",\"businessKey\":\"6a2812da-08e2-4828-8181-f262475c3155\",\"id\":\"40001\",\"endTime\":1548384210300,\"userId\":\"kermit\"}',NULL,NULL,0),(26,'VARIABLE_DELETED',NULL,'50001','50001',NULL,'2019-01-25 10:56:33.082','kermit','{\"timeStamp\":1548384993082,\"processInstanceId\":\"50001\",\"executionId\":\"50001\",\"variableType\":\"boolean\",\"name\":\"agree\",\"endTime\":1548384993082,\"userId\":\"kermit\"}',NULL,NULL,0),(27,'PROCESSINSTANCE_END','process:1:47504','50001',NULL,NULL,'2019-01-25 10:56:33.084','kermit','{\"timeStamp\":1548384993084,\"processDefinitionId\":\"process:1:47504\",\"businessKey\":\"d3eb2a1d-318d-47ee-a4b1-8ee3ea3b78b6\",\"id\":\"50001\",\"endTime\":1548384993084,\"userId\":\"kermit\"}',NULL,NULL,0),(28,'PROCESSINSTANCE_END','process:1:47504','50016',NULL,NULL,'2019-01-25 10:56:33.106','kermit','{\"timeStamp\":1548384993106,\"processDefinitionId\":\"process:1:47504\",\"businessKey\":\"f4f3cfbf-fc15-42e3-be88-8159ce7ea059\",\"id\":\"50016\",\"endTime\":1548384993106,\"userId\":\"kermit\"}',NULL,NULL,0),(29,'VARIABLE_DELETED',NULL,'65014','65014',NULL,'2019-01-25 15:03:25.269','kermit','{\"timeStamp\":1548399805269,\"processInstanceId\":\"65014\",\"executionId\":\"65014\",\"variableType\":\"boolean\",\"name\":\"agree\",\"endTime\":1548399805269,\"userId\":\"kermit\"}',NULL,NULL,0),(30,'PROCESSINSTANCE_END','process:1:47508','65014',NULL,NULL,'2019-01-25 15:03:25.271','kermit','{\"timeStamp\":1548399805271,\"processDefinitionId\":\"process:1:47508\",\"businessKey\":\"f55f8811-dac8-4ad6-b574-219be5b1526f\",\"id\":\"65014\",\"endTime\":1548399805271,\"userId\":\"kermit\"}',NULL,NULL,0),(31,'VARIABLE_DELETED',NULL,'65023','65023',NULL,'2019-01-25 15:03:25.294','kermit','{\"timeStamp\":1548399805294,\"processInstanceId\":\"65023\",\"executionId\":\"65023\",\"variableType\":\"boolean\",\"name\":\"agree\",\"endTime\":1548399805294,\"userId\":\"kermit\"}',NULL,NULL,0),(32,'PROCESSINSTANCE_END','process:1:47508','65023',NULL,NULL,'2019-01-25 15:03:25.296','kermit','{\"timeStamp\":1548399805296,\"processDefinitionId\":\"process:1:47508\",\"businessKey\":\"f6ed3d24-4545-4a88-bdc0-8da406a23e76\",\"id\":\"65023\",\"endTime\":1548399805296,\"userId\":\"kermit\"}',NULL,NULL,0),(33,'VARIABLE_DELETED',NULL,'65032','65032',NULL,'2019-01-25 15:03:25.320','kermit','{\"timeStamp\":1548399805320,\"processInstanceId\":\"65032\",\"executionId\":\"65032\",\"variableType\":\"boolean\",\"name\":\"agree\",\"endTime\":1548399805320,\"userId\":\"kermit\"}',NULL,NULL,0),(34,'PROCESSINSTANCE_END','process:1:47508','65032',NULL,NULL,'2019-01-25 15:03:25.322','kermit','{\"timeStamp\":1548399805322,\"processDefinitionId\":\"process:1:47508\",\"businessKey\":\"8c20bab7-cb4c-4eae-9587-a8bcc6f8afe5\",\"id\":\"65032\",\"endTime\":1548399805322,\"userId\":\"kermit\"}',NULL,NULL,0),(35,'PROCESSINSTANCE_END','process:1:47508','70001',NULL,NULL,'2019-01-25 15:03:25.343','kermit','{\"timeStamp\":1548399805343,\"processDefinitionId\":\"process:1:47508\",\"businessKey\":\"f55f8811-dac8-4ad6-b574-219be5b1526f\",\"id\":\"70001\",\"endTime\":1548399805343,\"userId\":\"kermit\"}',NULL,NULL,0),(36,'PROCESSINSTANCE_END','process:1:47508','70010',NULL,NULL,'2019-01-25 15:03:25.360','kermit','{\"timeStamp\":1548399805360,\"processDefinitionId\":\"process:1:47508\",\"businessKey\":\"f6ed3d24-4545-4a88-bdc0-8da406a23e76\",\"id\":\"70010\",\"endTime\":1548399805360,\"userId\":\"kermit\"}',NULL,NULL,0),(37,'VARIABLE_DELETED',NULL,'72501','72501',NULL,'2019-01-25 15:42:08.985','kermit','{\"timeStamp\":1548402128985,\"processInstanceId\":\"72501\",\"executionId\":\"72501\",\"variableType\":\"boolean\",\"name\":\"agree\",\"endTime\":1548402128985,\"userId\":\"kermit\"}',NULL,NULL,0),(38,'PROCESSINSTANCE_END','process:1:47512','72501',NULL,NULL,'2019-01-25 15:42:08.987','kermit','{\"timeStamp\":1548402128987,\"processDefinitionId\":\"process:1:47512\",\"businessKey\":\"cc3979bb-2799-4ac2-841d-1364b95d82e9\",\"id\":\"72501\",\"endTime\":1548402128987,\"userId\":\"kermit\"}',NULL,NULL,0),(39,'VARIABLE_DELETED',NULL,'72510','72510',NULL,'2019-01-25 15:42:09.008','kermit','{\"timeStamp\":1548402129008,\"processInstanceId\":\"72510\",\"executionId\":\"72510\",\"variableType\":\"boolean\",\"name\":\"agree\",\"endTime\":1548402129008,\"userId\":\"kermit\"}',NULL,NULL,0),(40,'PROCESSINSTANCE_END','process:1:47512','72510',NULL,NULL,'2019-01-25 15:42:09.009','kermit','{\"timeStamp\":1548402129009,\"processDefinitionId\":\"process:1:47512\",\"businessKey\":\"5e9bffa3-6d93-4e6a-a9d2-586ea34c5be6\",\"id\":\"72510\",\"endTime\":1548402129009,\"userId\":\"kermit\"}',NULL,NULL,0),(41,'VARIABLE_DELETED',NULL,'72519','72519',NULL,'2019-01-25 15:42:09.023','kermit','{\"timeStamp\":1548402129023,\"processInstanceId\":\"72519\",\"executionId\":\"72519\",\"variableType\":\"boolean\",\"name\":\"agree\",\"endTime\":1548402129023,\"userId\":\"kermit\"}',NULL,NULL,0),(42,'PROCESSINSTANCE_END','process:1:47512','72519',NULL,NULL,'2019-01-25 15:42:09.024','kermit','{\"timeStamp\":1548402129024,\"processDefinitionId\":\"process:1:47512\",\"businessKey\":\"0ff08d29-ccfe-4ebb-bce4-6cbf5769fea6\",\"id\":\"72519\",\"endTime\":1548402129024,\"userId\":\"kermit\"}',NULL,NULL,0),(43,'PROCESSINSTANCE_END','process:1:47512','72528',NULL,NULL,'2019-01-25 15:42:09.046','kermit','{\"timeStamp\":1548402129046,\"processDefinitionId\":\"process:1:47512\",\"businessKey\":\"4e45af2e-b525-46d6-b1f0-5c9f4296864c\",\"id\":\"72528\",\"endTime\":1548402129046,\"userId\":\"kermit\"}',NULL,NULL,0),(44,'PROCESSINSTANCE_END','process:1:47512','72555',NULL,NULL,'2019-01-25 15:42:09.059','kermit','{\"timeStamp\":1548402129059,\"processDefinitionId\":\"process:1:47512\",\"businessKey\":\"cc3979bb-2799-4ac2-841d-1364b95d82e9\",\"id\":\"72555\",\"endTime\":1548402129059,\"userId\":\"kermit\"}',NULL,NULL,0),(45,'PROCESSINSTANCE_END','process:1:47512','72564',NULL,NULL,'2019-01-25 15:42:09.071','kermit','{\"timeStamp\":1548402129071,\"processDefinitionId\":\"process:1:47512\",\"businessKey\":\"5e9bffa3-6d93-4e6a-a9d2-586ea34c5be6\",\"id\":\"72564\",\"endTime\":1548402129071,\"userId\":\"kermit\"}',NULL,NULL,0),(46,'PROCESSINSTANCE_END','process:1:47512','72573',NULL,NULL,'2019-01-25 15:42:09.082','kermit','{\"timeStamp\":1548402129082,\"processDefinitionId\":\"process:1:47512\",\"businessKey\":\"0ff08d29-ccfe-4ebb-bce4-6cbf5769fea6\",\"id\":\"72573\",\"endTime\":1548402129082,\"userId\":\"kermit\"}',NULL,NULL,0),(47,'VARIABLE_DELETED',NULL,'72621','72621',NULL,'2019-01-25 15:42:09.098','kermit','{\"timeStamp\":1548402129098,\"processInstanceId\":\"72621\",\"executionId\":\"72621\",\"variableType\":\"boolean\",\"name\":\"agree\",\"endTime\":1548402129098,\"userId\":\"kermit\"}',NULL,NULL,0),(48,'PROCESSINSTANCE_END','process:1:47512','72621',NULL,NULL,'2019-01-25 15:42:09.099','kermit','{\"timeStamp\":1548402129099,\"processDefinitionId\":\"process:1:47512\",\"businessKey\":\"52ea5ac4-2570-4311-9b69-d135e648293a\",\"id\":\"72621\",\"endTime\":1548402129099,\"userId\":\"kermit\"}',NULL,NULL,0),(49,'VARIABLE_DELETED',NULL,'72630','72630',NULL,'2019-01-25 15:42:09.111','kermit','{\"timeStamp\":1548402129111,\"processInstanceId\":\"72630\",\"executionId\":\"72630\",\"variableType\":\"boolean\",\"name\":\"agree\",\"endTime\":1548402129111,\"userId\":\"kermit\"}',NULL,NULL,0),(50,'PROCESSINSTANCE_END','process:1:47512','72630',NULL,NULL,'2019-01-25 15:42:09.112','kermit','{\"timeStamp\":1548402129112,\"processDefinitionId\":\"process:1:47512\",\"businessKey\":\"6c8fc2c8-65c4-483b-b468-4432ee4e1600\",\"id\":\"72630\",\"endTime\":1548402129112,\"userId\":\"kermit\"}',NULL,NULL,0),(51,'PROCESSINSTANCE_END','process:1:47512','72651',NULL,NULL,'2019-01-25 15:42:09.128','kermit','{\"timeStamp\":1548402129128,\"processDefinitionId\":\"process:1:47512\",\"businessKey\":\"52ea5ac4-2570-4311-9b69-d135e648293a\",\"id\":\"72651\",\"endTime\":1548402129128,\"userId\":\"kermit\"}',NULL,NULL,0),(52,'PROCESSINSTANCE_END','process:1:47512','72660',NULL,NULL,'2019-01-25 15:42:09.140','kermit','{\"timeStamp\":1548402129140,\"processDefinitionId\":\"process:1:47512\",\"businessKey\":\"6c8fc2c8-65c4-483b-b468-4432ee4e1600\",\"id\":\"72660\",\"endTime\":1548402129140,\"userId\":\"kermit\"}',NULL,NULL,0),(53,'VARIABLE_DELETED',NULL,'75001','75001',NULL,'2019-01-25 15:51:20.868','kermit','{\"timeStamp\":1548402680868,\"processInstanceId\":\"75001\",\"executionId\":\"75001\",\"variableType\":\"boolean\",\"name\":\"agree\",\"endTime\":1548402680868,\"userId\":\"kermit\"}',NULL,NULL,0),(54,'PROCESSINSTANCE_END','process:1:47520','75001',NULL,NULL,'2019-01-25 15:51:20.869','kermit','{\"timeStamp\":1548402680869,\"processDefinitionId\":\"process:1:47520\",\"businessKey\":\"2577991f-6305-4baa-9a73-59b9a3d9ade7\",\"id\":\"75001\",\"endTime\":1548402680869,\"userId\":\"kermit\"}',NULL,NULL,0),(55,'VARIABLE_DELETED',NULL,'87546','87546',NULL,'2019-01-26 13:27:54.621','kermit','{\"timeStamp\":1548480474621,\"processInstanceId\":\"87546\",\"executionId\":\"87546\",\"variableType\":\"boolean\",\"name\":\"agree\",\"endTime\":1548480474621,\"userId\":\"kermit\"}',NULL,NULL,0),(56,'PROCESSINSTANCE_END','process:1:82504','87546',NULL,NULL,'2019-01-26 13:27:54.628','kermit','{\"timeStamp\":1548480474628,\"processDefinitionId\":\"process:1:82504\",\"businessKey\":\"f074b212-dc13-4943-bebc-7af00a839655\",\"id\":\"87546\",\"endTime\":1548480474628,\"userId\":\"kermit\"}',NULL,NULL,0);

/*Table structure for table `act_ge_bytearray` */

DROP TABLE IF EXISTS `act_ge_bytearray`;

CREATE TABLE `act_ge_bytearray` (
  `ID_` varchar(64) COLLATE utf8_bin NOT NULL DEFAULT '',
  `REV_` int(11) DEFAULT NULL,
  `NAME_` varchar(255) COLLATE utf8_bin DEFAULT NULL,
  `DEPLOYMENT_ID_` varchar(64) COLLATE utf8_bin DEFAULT NULL,
  `BYTES_` longblob,
  `GENERATED_` tinyint(4) DEFAULT NULL,
  PRIMARY KEY (`ID_`),
  KEY `ACT_FK_BYTEARR_DEPL` (`DEPLOYMENT_ID_`),
  CONSTRAINT `ACT_FK_BYTEARR_DEPL` FOREIGN KEY (`DEPLOYMENT_ID_`) REFERENCES `act_re_deployment` (`ID_`)
) ENGINE=InnoDB DEFAULT CHARSET=utf8 COLLATE=utf8_bin;

/*Data for the table `act_ge_bytearray` */

insert  into `act_ge_bytearray`(`ID_`,`REV_`,`NAME_`,`DEPLOYMENT_ID_`,`BYTES_`,`GENERATED_`) values ('18',1,'image/jpeg',NULL,'\0JFIF\0\0H\0H\0\0\0C\0	\Z!\Z\"$\"$\0C\0\0\0\"\0\0\0\0\0\0\0\0\0\0\0\0\0\0	\0F\0\0\0\0!1A\"Qaq2#B$Rb4%3Ss5Ccr\0\0\0\0\0\0\0\0\0\0\0\0\0\0\01\0\0\0\0\0\0\0!1A\"2Q#aBq3\0\0\0?\0\næ}+rz5quW^ֺOƛ>w4:}(dju_@d흩~E_a\0lJB\'x83_\"fHlgހ5xqy;ҪεQrϊV{73,rq?/:ؘ_}Dי;*\0KM-}+a&!h8vq5f\r:~FAMcl5Xt»RڀHboL)U{(Na3ֵWF ?ޗzjBY]\Z7a=bVc;vO,A_GZK\0+n~Ud{?q:mчj#8;90;˓m)oZ#~c~Vmv=SDV\0h}}R\nUG$ʺ\\ǽrnoλA޵7U(_\\)YA.PSvOa^QgFub:&ꭏ3l樚80u3us;?!8\\~,Ը.	`rp(0ߠ*I7O,5eO\"lW\\$>X89\0ĵWρ~SA׬ocj&i\n}Ɗ7ӾV=Z *U\Z&O_\\y?o;FJ4r6Moκ՟NbI>@0V\'U4,=+ݍw>rJNPuN,(aujkCai5EȊ4qGzΝmF墒u9i\nڻvϧ|Q_\r\'7WHlyLm{퍵EB\\`SuǓ[4Z/,)d xl07?*Co.D`䃍2u@WS*} ҥk+ξu_U#7M\\Ǳz^vjpW҈qJ[u1,#׿T>OeRF9߭1K*畱bg+:X<7K$2+\0F=z}iYkw<G$+\0nzjmxRǧ֪OȒ1m7:a\ZpzjX\'4t\0P%R:Q;~]-&\0zItٛmʟZں\ndR1iOZR?Mrbz{vة.ehai\ZReIf|Uɨ|ZxͤTUPnʭzEgd~kUAԕFN$Raω GY1,QƧ]xধ\r.VpHYN?0+Z]ڲ=${WĖ|Mqvt{-#(bQT0nNwڳ?ㆸٵ~ 5\ZYUngiʡ8/9, \'J?֓oxKN\n?B2N2AxKu\"ab.<Y2#	koI ^p!n6WOL498\0a?֥[XClh/U8-[hZYAAgbMbcV\rk~|SzDK}6>􇘅Q|>uj\0ky-fM&;%^Գu9ح@Xsh=d^>{;m.x.!sJ0Ѱ8 -kYٓ3/mSͶl	(\02g\'qL#kP|ڱHKR\r\Zj7\nʪ[B\"Xd<Bp\'m-4|j֊9_=3C,u*:d8pˑ!Th`%a횛p\nLfK9|@^1$\nwn\0j$,VYB+L\\\06~k%߶\0ε.\rGFAp,FzƝͫҠ}FxYLÀۇq\ZCPzJքsgWլK{soIa?{ԾMMe{\n6):!DٙAct}:W>΍.4dMFRŴ8Gq:֖E,lqe~7e$\0l0>C²72/!#ƈєҞR]aޞ[Y\0H+^\0䞾JoF \0B\0=}7_S[E#|~ݺW@\rGNr3ccoqEXa	/qZ1\0&X\"yؕv>o;.O`DkV>Deg,wĬ-.olk[߉	&4&N}:u>)g%Z~O;OZӴ`P*?y[b*^!a]gNɫĞ8!{r>DN=rDu\\$ށ${uԯ~J+>k(8Mp$$\r܌0\'+ȚߣahU4.bm:[gف9+h\\5_&hzm`	Y:${\ZmXz3g] ޘ9h=WbTuݶ$5UE0LmψéBOj\Z\\P-_q\\A)\\04B;2EԶЖ߈Z]-:gҨZt]Oq#f(ݗnnP\Zٝ$Pi[4s\\&C\rڶlt{EÓwaPRܠoVn#[S8;͌\nϖY\"0Ջ揘H	EnWv;yxjᾓ\\okEm5[F-9`>d9ۡ.tHKYLlFGЂ=\n\rRV\ZdDU2A9qv}ͣ\\_[$1*oy%PyN;npdؐxѝ	P-f]Ky\r;>p(WHq[N268=k@{N7a1zl\'=?^gO$ehTQ<GS*I|Vbbˍ]\\=TWQc\\V8\0gL1V@6LHw\\Tȭ,M8l !Bڊ\0H*ܽ+>8?¬\ZX̊t#nH&]ψ{gYF24`FT.Hi	#ZH\0m&]뙰q]\0h՜}S4p=ͽ\0nYvߥRHԠ71rd,>Mc-qуkG8\0)=Ǟ<*7Hx=ʌ#Z9N($UVDäw:wOY^PVn\\0\0^?	&9Xw]JPG>18\0֖	(JfbzF8v:Sʤ2;@ ?3e7hly#.wS8[RVu\n2FoP2lwfA-b*Q\Z$e\"HRE8e28pjgFo2u\r38RY̱[[do[4d4cZnHBzLW85ȂFG ޕppR8^4s]o\Zgs\Z~mAcbFUV\r`#M#Fqmb1۶]#<H}\Z\"6VflDs++K9}h)[O_x4ߧ҇Ep26jH⸂F85!iuGT@z)I,3T[UzTԻg41_1\Zb!7~\0kb:Pi/\0)cNi\r߉\'QN	P9F(=ڍ۽=su[>jۣ+9ǁ\'iHn&f5oD x|3\0IW2\\\\KcX^@\\.{t,U.6,UzTTQ&@f5#dַMΧ`N>ևúf+U??o:a($\rĬ|\"vֹ}G~GL<ǰj(%HgC^o\0Wyv+pFL΢\\FO 4XLB\0jI02qSzUS9;զ<W4ulj*!_+ci&6AL#G΄݃rWD7fĪ?b:mXLzw\")nXs߿K$\ZrOCӘQ\" B\nINڭ7\rj$Zwd#}?ZbՆ)劯Iqw!SXNz[h8Z74RxIF\\mP漚L`>ډhk]8e\"!9[.n՜z\\קSZYZKDK !T1IKʯa[T|JQFOP:_f$t\0#BKIJrnքHdk[MMFrc@=J\"1J\"  O7uL҆y9df?2sTKJn5;FSהp쮚RҪ(\0)9do56H%|R?\Z\r#츑diN6luTddvRY1UbkY88Ti<0dpwy;kYD\005pW{H\Z}_A+x:cҹl`e\\sPuJ+7E^gm=qJFS\Z2a<LY~ٮ`9\0{\\oz,3rZZʨI;tV0WCQ\0yt$chMNH֙\0F\0s(97iNz{3\nJl$z81]H}Fzֱǚf9\0g~^[}_meu2N<~Һ^af9\nǵ,\rzղ~*Ứ˱~gRF+?H.d3S\r։^ lq9GUw2MtTw4_M:My5K#9|4m5ߞU\"Sڌf0u8W~m4i}\'TLŶ׊|Ϸ3_oF{ZlW8+	=먌cYh$kp\\;84f&pܻni!1\0vh9c=mhJn)eR?@sڞH?\\\Z3]XHgX\Zd@=(k`S^aOWsAN31R;dg4&mOQdl}~UPYc,:8Ǳiacr	\'!\\)=wtܐBa	I%?HV*̤}hi؇5IB`%@I0؊Thr?^ԩKqjzzƔA*H)>u`Dնߡ0ѝ؝\\،w	od\\ӵWoBg }Z<\\:*\ZWuC yeT>RclWURb5ǞyFޛN \"[M&UyQ\ZtC=5~qq7R(#$ S\naR0)w״xo.!We\r|vh&sPN!,KEăqW>ҵ25IZU%={=bsݝgNetiFu[PGT\rVop:w\ra*Dl78\'r~4.Jlb(V~##u-KmY=+)/^c;~u|B܊IoQu`<IK빡D`g-~\n`/$&iQ|qh7]ȡDD#H5&2ꅹ\r>uʥq1lf1sg7~&I24BIӧ(cUo[VVGA?3Zqh1\0oI)2/<{-JR1,e[AL\0LwafR#ռ3)đ=+8{7@X͐G_)>T\\~]-DŲ:CV;R-9/9TQXʨ ±lgzH\rT#:|Wf\'fwIF\nAĠ wg`sV<\\Z%|C\\ug${Rnp~5xnpzcҬHzXO}6u$\nyW	<N=Nv\'Qu[(]~{S흪.A[B\"gs(x[U:a\nH@7K44N9F(vu\nf\n=>tK($4mN~{[WrC\0qNem!PC7|wzT1rf_)a|0^kn	r{ro5/^\\XX6ITS\r@bWA\0I\\mz\"!Fyec_S^]=:sg>N?m7Nc46<r{z293L҂O+ t8P>(ps\'4rc&9ߎؚ񶹡hWGkL3EmzjDlGtnp}r=C&lO0Z$tȧ\"I~>g[/{mm$2?ԧqTR|1n>/WM}`ōG6[NC.su5 tOHԻΑ)gcAʁ)rTolf)aE%q-ܲr1\0^U-<,OoZa7$o)@n[>3J\'ŴvQ=zV9|0	>٠d˯xAFozn聜J*xq&LZv$.fr\r5M&\04^! tkydXZğ8[KmnI0.@ڮzi7)i/ZF4)W4.]կ&dc[z2K`<ǙIt4eS7<\0]◕u3b&;dTiH$\rkv%\nRH_VzsT]jK+d,NsR/._B#e؛bQcg\\Lr?\rf=niPӨ<s-}=G:~|.kHo#	g@\\&\0FL1\n$nslqV-\"#s0!UW׌\"YueŎ5&yKy>wu^M1:uZs]PϾ)&OqS`!ސ\0Q:]5f\rߔZ(k#VYMYCћ\Z1노_G#kksI @[*[Ԝ?(@x)d7n\0=r,JH뷵AG*ʷC*)\\3j2 ӓgj-<9q\0Gjpm%eޥ+sy8ګwXKÉ\nH䴅NvV-.yUvxA!;`2^y>L:mGBǘUIzzl7Tt9 h|\ngҩڥ9<zf\'8ғp	nI\"7J>q24ze\0-IZyncc=FCһC=ޗoެ?mMn%2F\'PG+\Z>q)^&}FabW8\'zV!~k7?8EJTjWΧdޔ-J7ھ8\0oojWvW1\n휐@?:&PxDS:\'?[ٮ5j\06\'Mzn\"-Њ%2.O1:@+vu!X	%4\0vJ[l\0EQ,,d\0n_4\ZFU,RZ΢Ugm6MJ>3!&+g|jϨ;E#Gp<]F|dzTU9pc	VmrUp|?Q\0hrAP3\01k\0与\\fEc@g\'gZ?W|O3A8]0)]E67^u8nC[t!fc_%݈x\\dFe\'G~+\\uCXhmdv\" ߾ii]~c5VxB[v\np+9> z?Fn12lw\0)dlkC$Q,)a}ܟ6m^b Jo4	g[v \\j+\Z#Fk4z\0LxQ]\r6ٔ[[<c|~wcM\'Nُo&t{P^0$SS]yFqQ3Q5+md\Z!.r\nۊ7Y͂:PY\niq9\0>:, Ak^0>\rzN?o\ZDf&5sH&A所X+WcI1RŞ?2;R]Gg@I.dnriR\0Nʰ\'UMjBA߽*Uw=7`qRܫ;ܟjT0tDni[qiU1AhFbb*\0_>u@kV~0*%)k2\0<Vtm\ZOe~VpsW!)R+]OtzX[i-0N0w;Ux8\ntkVlouH@u\nCccc=J<~%9v%oxQuոonqD\\yF\0䚨I<$9\0Q@JbXl-iWX$S7ZT\"vxe`W@Tb U<67$bդ1)=p:ҥ[v!SbW$s\n_R)S]*:\ZT~\"eXks.=iR[\rB',NULL),('22',1,'image/jpeg',NULL,'\0JFIF\0,,\0\0@ICC_PROFILE\0\0\00appl \0\0mntrRGB XYZ \0\0\0\0\Z\0acspAPPL\0\0\0\0appl\0\0\0\0\0\0\0\0\0\0\0\0\0\0\0\0\0\0\0\0\0\0\0-appl\0\0\0\0\0\0\0\0\0\0\0\0\0\0\0\0\0\0\0\0\0\0\0\0\0\0\0\0\0\0\0\0\0\0\0\0\0\0\0\0\0\0\0\0\0\0\0dscm\0\0\0\0desc\0\0\0\0\0ogXYZ\0\0l\0\0\0wtpt\0\0\0\0\0rXYZ\0\0\0\0\0bXYZ\0\0\0\0\0rTRC\0\0\0\0\0cprt\0\0\0\0\08chad\0\0\0\0\0,gTRC\0\0\0\0\0bTRC\0\0\0\0\0mluc\0\0\0\0\0\0\0\0\0\0enUS\0\0\0&\0\0~esES\0\0\0&\0\0daDK\0\0\0.\0\0deDE\0\0\0,\0\0fiFI\0\0\0(\0\0\0frFU\0\0\0(\0\0*itIT\0\0\0(\0\0VnlNL\0\0\0(\0\0nbNO\0\0\0&\0\0ptBR\0\0\0&\0\0svSE\0\0\0&\0\0jaJP\0\0\0\Z\0\0RkoKR\0\0\0\0\0@zhTW\0\0\0\0\0lzhCN\0\0\0\0\0ruRU\0\0\0\"\0\0plPL\0\0\0,\0\0\0Y\0l\0e\0i\0n\0e\0n\0 \0R\0G\0B\0-\0p\0r\0o\0f\0i\0i\0l\0i\0G\0e\0n\0e\0r\0i\0s\0k\0 \0R\0G\0B\0-\0p\0r\0o\0f\0i\0l\0P\0r\0o\0f\0i\0l\0 \0G\0\0n\0\0r\0i\0q\0u\0e\0 \0R\0V\0BN\0,\0 \0R\0G\0B\0 000000\Zu(\0 \0R\0G\0B\0 r_icϏ\0P\0e\0r\0f\0i\0l\0 \0R\0G\0B\0 \0G\0e\0n\0\0r\0i\0c\0o\0A\0l\0l\0g\0e\0m\0e\0i\0n\0e\0s\0 \0R\0G\0B\0-\0P\0r\0o\0f\0i\0lfn\Z\0 \0R\0G\0B\0 cϏeN\0G\0e\0n\0e\0r\0e\0l\0 \0R\0G\0B\0-\0b\0e\0s\0k\0r\0i\0v\0e\0l\0s\0e\0A\0l\0g\0e\0m\0e\0e\0n\0 \0R\0G\0B\0-\0p\0r\0o\0f\0i\0e\0l|\0 \0R\0G\0B\0 \\|\0P\0r\0o\0f\0i\0l\0o\0 \0R\0G\0B\0 \0G\0e\0n\0e\0r\0i\0c\0o\0G\0e\0n\0e\0r\0i\0c\0 \0R\0G\0B\0 \0P\0r\0o\0f\0i\0l\0e1I89\0 ?@>D8;L\0 \0R\0G\0B\0U\0n\0i\0w\0e\0r\0s\0a\0l\0n\0y\0 \0p\0r\0o\0f\0i\0l\0 \0R\0G\0B\0\0desc\0\0\0\0\0\0\0Generic RGB Profile\0\0\0\0\0\0\0\0\0\0\0Generic RGB Profile\0\0\0\0\0\0\0\0\0\0\0\0\0\0\0\0\0\0\0\0\0\0\0\0\0\0\0\0\0\0\0\0\0\0\0\0\0\0\0\0\0\0\0\0\0\0\0\0\0\0XYZ \0\0\0\0\0\0Zu\0\0s\0\04XYZ \0\0\0\0\0\0R\0\0\0\0XYZ \0\0\0\0\0\0tM\0\0=\0\0XYZ \0\0\0\0\0\0(\Z\0\0\0\06curv\0\0\0\0\0\0\0\0\0text\0\0\0\0Copyright 2007 Apple Inc., all rights reserved.\0sf32\0\0\0\0\0B\0\0&\0\0\0\0\0\0\0\0l\0Exif\0\0MM\0*\0\0\0\0\0\0\0\0\0\0\0\Z\0\0\0\0\0\0\0J\0\0\0\0\0\0\0R(\0\0\0\0\0\0\0i\0\0\0\0\0\0\0Z\0\0\0\0\0\0,\0\0\0\0\0,\0\0\0\0\0\0\0\0\0\0\0Ƞ\0\0\0\0\0\0\0\0\0\0\0\0C\0	\n\n			\n\n		\r\r\n\0C\n	\n\0\0\0\"\0\0\0\0\0\0\0\0\0\0\0\0	\n\0\0\0\0}\0!1AQa\"q2#BR$3br	\n\Z%&\'()*456789:CDEFGHIJSTUVWXYZcdefghijstuvwxyz\0\0\0\0\0\0\0\0	\n\0\0\0w\0!1AQaq\"2B	#3Rbr\n$4%\Z&\'()*56789:CDEFGHIJSTUVWXYZcdefghijstuvwxyz\0\0\0?\0/hm\0}WǱCRo\0ܿѤksLi6}a{Iw/o\0_5\0{IsHOyw횁u7i\Z^`;!\'\'W^?<-fV0;CmܡTŏPjVZl10Mv<A{]#ᆿ5/5WN`ogRyp@?9E}zd/GzgsX0<}*TVzWV\0X={pM~%+YԿ.˷d0]oGķhmYc09֫ǫx(@s.O>֤zmRmAQ#<梚GWs\n@oҹ`aJkS|+[D`\'dp=?o5Ěd1O⮍C1lU=zTK2[[8iIsۭoO8G=\\M]w8\0xȘ揌u0ḯ\0&uo#`:3<-q\'!c9Z[p0~V\"?Ěi,ltiZ*6܄ïWehk>[=1x,Nk~mVEѥ[_o\0/%)6#+\0kÑx牬:Lx	Y |g˖6㺰I۩?*e6]_\0Tm\'源?:vuǲ<)w%]I\0}S~\0Bi}\\cص9\0̟\Zpp\0\ZH/]wvz\\hS<RIu31ɤw5a?Zc8Ȯ#*8<O\'&[h3jlVW\'O\rJ+.D˻I`;5Gyw\rrԴ-^ާfCU}Vvmǭ?g=g|U8&$l5ե涹eFLN~|xoZKBŮld+6ݻI鞀fA\0-nm/Dl[v7Ϛ}\09_`EQûޒky֖?H;WV{_f[~ھ8>Yhԥ-X^[1I#g*_RG;I`[49hm}kEx4Γ\'4KTE&FVQ+#iggmS]L8/\'KU.ZOM4?^:jH!VQs6>y:gr.ٖ!xa88G~o$#tcs ʽ/C5=	.\"]ʞˌm\r	4)Sm?y]=_O:w.Xy:Mw.]YAO=_dD!.!|!FWV\"h]	c\0-/JӭXONrStoJx\nm>(N\Zt2!A\0*OGgsqkO.\n`RAm-+e)QLs8N@kN\Z%%dRAqo\\Qbdтm5RNUV|h^&YbJXcfU0m.˓hJ~_Ou+j2#W:If\0%D`\0<ʁϡÝ; 0k:e8#+0yZ^>=\rQKxӬREvq/ߴ\0-5%WǱ1y1R1\\iw-hܔ@çoz	k^ԬV;tTg}v\0TH_tS~\0-ρlM\nYug4f\0>>VV}\'Ús\Z@B0cX\0m=XfHmxp|\'BFFlWc,n-+ۭqV s4~zu=MG?b_^\'ӢH$.:B	^*R{(7NZ4ྡྷWSr&J)1f~qIt:䉈 `dA\\/ 6RZwyм3<\r᥉Jz]-},\r/7y/jxrJ6Mps^C-im)A1$`sIP>&`ߌH[ \0_\nL-}M#o̳7rp{<;{TW\'ʴ\'eo]|+Jee{_W]+Hj632E\'wsۯ]\r\nK}l,^v%#)\09\n\'/?`-1lAQnQxy溸;	ĪAi\n$x8Ͻ|BTdm3vRLsV90@]o83הxr-]3W^kZr\0<ש^ޥ7\\=BF_D9]PԮEͻg;p>eʭwk]p0\'* |kF<=jhҖx-d91]K{;kd۽ۢ,v͸\0A͖<3]jG\0ipず|YEBK]SƚB_\'!̐;A3_࣏isQ/5I.|a/R.ܗNM#nVoliZ r;\0kw:tbydv%cvLo<aGg~Oê})4+MexyI>_+\\5W\'+ois{W=\\>8j<=<\07{yp,(vFʳ|Ox=$MX*HnH=qLZ!+;rYdF`k?5[ǲӼ{]\\y^O5!WTKw߯ɋ)ӄ9Ѿ4kpjpڦŵV\r(\09r	 SdDѩ䃜qP};M?ɉ-5&Y$Q6՛ջׅJ𕥅w<~kmP|<7_A+a+G-lWFy3	AWu_Y9xGOm6[N>7*S\0ŀw|=NI:Uy 9%K3u$_owo)Yrru>%*5 nbIمPހtf4r,:Ÿ]6Niuvc\\slL´d^O[=-^0<ec<K5\'\';b@=zӿlumx.DH,	Ҵm58~͢[Z\\[;E4+(p`M7YpZ0.`T6U0x\'׎>/3c>7)?=nۭ<?ce<\raW=CK+?Q\ZM|\'\0g½_{G2OZlJײTG׈j 6E$z]efu@ּXy:n2({,c`tr	͞%2dB96ھ읯۱Q;R=vIJ\0+9dn#9WPS5id}nGM6-&7<ںXS)vgZ~ʤ{ٵE8(s*e>!Zbtf\\D)<o\'\n9v;ys*ԡO\ny;y	\'ɮ\\ꌫ+S[C&\Z37]~\'嶞M:$䘙HR3[kڤUC\0U=O+q^\rQr@cr~6q\n$pኀ$z\01Wnmͯ[Y|\rNEl	M7Ov{J7t#y+r27>w$7:fX=\0v&ݰڽi_k+ZiOmk3|r3꡹:rJ]QJ l£\r^T!y>V_}2֝-e㳰*pKw$רxft{KxL\06zrkv+\\UayKT%qɯE\r3dBXn<9Ժg&2J,	3O\\\\`5&+]yBÐȥ{\0e¥.4E&oivN)b`3X+ۿe=\\[/<Oq)<Ȗ\"?ڸJK4OĞ:jOHgYvBn?5G+V	kzxtގwGGS>1_x\ZUY<7?3RTז- _Uo++K}qZXYI>Q#z+ӧ \r/o?xk[GQuvcgp0B\"^Fsknp]/T9<IJ8-\no]7l}Eb췷uyέ/\0Iϊ5=-e9\0EGjU\\|-;ytIE[ɚH\'a`@5=\'-7<wgR~n3+q\r`?GFo>3./x>RkhKw H\"Yd1BaZpV}߫w,~lDM6CӾ7=ue\Z=5~ʰ_eE|-t<3\'lmJ<=d]5g=x])6cuw\Zz7l3\n\nĐ>a<W\\jѡgu^_j\'-z?>\0=_؈I\",ͻϞ01ӂ2zW!G}6c	/]wzqyp_G5y!K 鑑H6-/IkͲ\n˞:Iz<Vu	%޿}c.{z>7d@ږmv8[gQa  AcZ[Bmف8{U_q%@X,{\0_RtxvPhL?eI|t+VkZHm ,`\0^u%\'_V4ߠȯ\'񗇓öZ֭^NC}I#s˪R1Sik}=}zN2[n}$Fm\Z+IӡXXumY&-\0u׀ƺɥ\Zzt2FX:sW}rNu[]t\0JӖoZ4{$i/PxQ_BϚ)L/Za]D\"unD\Z&VyrHb\'\0WktIt62ܵp̖,\n|WWjLn4gtn1XM-Q+s>l֮cˎ8?*$I$wVPjSnMKwAǸ̚(8$Y-O7څyi	|HA#t|KMsLo+*I!`\'8=:|eKÞ\"+8-(%Ü\0&h[gmt!y4$s2JCYZ^?ww~gO2F\rhkߪ[l|Y!@F7\0!A1օ՛\\2ad_N\'ơnHvI؇Ed<ZG#l~L=8^e59G_UqOo;-#uy&	\ZUsC.%QzF=\ZDv>7	Z}2a\0kͿ-$wWpW1|hEXf;RĞ>cҿHn(yEv{?<W7_syq4\n%xϸǷTȒdH\\|ӯKiz9>\0^_R`=8$z<]i:`^=+~~>Ӽ9[\0=D	Ip\n25><\'|rLHExukVNs/L@;*p9y9mW+ʵ6\0ã̲y\n^ѿ|S|r?NBƣ.H(6qs\0ї@x;i\"x>	\'WiyW(q0OksS/\Zk_aq\\d݈s6Y\'w.0y]<nQ|?q%dm#\'=kf𥆵^隶ǝc\'gںM}Q\\\\M#Rbl\0p{g<W]H<c\Z3J.\0j0ί:eˮ:-oB7A%|һ.Cڽv&xuO?р%XǶk[Kl54af-*こӃT<];#*pLFzs<U!Ut~kצ,\\TWKUH-&D_p$~ǵyo<Awh)께1\0fMR$ᷞ+xCd`?Pǯ8Doټ3?>&ʛmN9^\np\\f%b{E]&_ｏ3>\n]J\r{Z/敛KmZ]Oc>]7j/3Ng{jCƱnьcFA[`0paᇧWfX\'秖O(QJ8ng摇5!]iMO,R>3뎕Gz󯊞\"4I.f{i%*b\\ROcx5M[IEd,yaKNڻfҲyG|Eu/ŊAw08$g81B*:&\0*V03\ZƷxc\0fDO\'~ۈ+bUfT	z_XUl<f!{wnֻٻmw}ZZvU˵Ж1]K`\0f!-!\nRλJբ$qLv㓎ޯ]v;m9X3sӧO.QIS\0,\\E}Rbi&xvq^=\r:Z;	\Z6k),`8\04?,+Iu6VKxQIj(έ@;`<p9#(tV2$h35{5;@+{uk^0忴&8*=GOz\nwVGF;?$$sӧϖW~c4<mnr:WJ\"3]QQZ_Sƴ\Z-(Jʏr7*#8~oZ˨It.hl`{kJuMHd? -\0ڋ-ż|9\'N_=q#2Kv.*7{mof%mgpWd<duRgio.8<@b25M4qjwCo\Z2IXc#k:ֶ_RIMP(\'9$mJo]:\0_ts7y\rnZ_gdx-ĥw\nd@|\Z2E!n?\"9Y\0	<̍bD|pA\r~U˿(4V7\n0g3!GoJRHAŤn\0;pTm9rKhcR2eB	8ލ\\t{O߅jrK=MZSNUs@=x|Msqyz̶\ZlR[\\!g=>KZany[`]+ۨW>a$K;[uqƬjTg\rƛuq|biq!c>Vtt9c ڬT5#\\bY~M:8jJ)-o߿oD3ؚ=;w*\0)Ҋ41ƊVQ]$^O@LnN\'\0&2zW|ux~`H4DYBzN&kMOst$ۦnkz2Ϻ{uRۆf8u7yI;kI=k~1O[6F!b\\e\nw\0tJOjVzhH\n\n >aT}mUA6}ݷۡTW\Zt`?#*-dR\nϯZ|R[3<ci\'=u\0~Mh꨸m,I+p\0ɏnpGCtZCN&\"^D<[?g&gٔTd4aj?>7O*rgҫEc(m\\6آ:#?o-ƥWd:@Oo\nHF)8KYo}h7/<\0QbKW e`\nO@QZnu<`t㓚K]7>Hڗ@-zVk~?\nٚ|!Mr\Zq@x3Ȭ̯e?#ab)RiZ[-IU@C|y\\uam:ȷ3p_(K<to\0oo,O9!k&9ly~P<_.>%kD?łTΪ+\n][QpnNNѭMځYpr:pyqַ4WrBA\"2	8Jo\\<qs1Gկdg@^I#~ןuH4m\'K1ʪ9f;籮RUin\\O7¹{8F}-|sF	s4i-)@\0.N>wd]Ht5[8hرng<c<_+_~$Mr<A&d@q[Ͼ°tok0kۻ5̬~gJpTC]E+?v\0S\'wNGu]:y-Z8\'89 a~|5<A,aj76M	<݀r2-}QH&3}&sluIeԵ\r2FD#.X9e,8 үSЛW?*`Ҍ[]Wfe.\'3\Z*v`98\n\'x>濨yU/U\0b	Jø(\'\"@UQA88;tho<:u)e Kp2p\0\'ڽW|?k+ai}!6\'\n͎	3Lk\'T\0ϵcafqUowk3tz׊du;FCks#S\0ם7v)K*2>ws&q%5ԑ,D2w3(^A{S]Yx:bc8>K3`,Ô;puejn.蝝ӭcyV6)Һ}{ko?SqOE?s(_(W#N+u;<i2Bܴn8e8Y017q5M,TlW>FjC\0`\'AkWʸQG4\0\0#D8>9Fn?4e0YBq+x\"hϔ0QX.&b O_O\0h)!O#x-L\0\nqA<d4x\'!S>Y9 <dx	e`kw~p^I1I\0=W<xY*pղamhx?6Zs1>tv\0:3t=v]\\yy\\6 d~xKƹQtND1bQGR폔~zV-XnJ/{dcڇut><Tuc2?}7߇Z/<^UY$71W0C?]Ba ^XY$o,SH+<Q\'jxB;͸yeBI=\0xZ1ïv={\0^@N{qKnqe3\r\"%Z1W~3JDS=xpBd6h\nNPǱ/onnO9K+#m۷<u?gVSx[5k;dd\'RO=k!x4hm-?ser§TM\'uu6{N90>?iWXDV|V<қi{k}l#-̂HFTGA7-/ۚV<Wim2ki%Hed32.Q^mVKUQVoLsn\n4W[jCc%}!M4j&O|9iKoٙ%޻,F]Qqyխ̒F.Y+ǯ$c})<ACJ8\\ۺG!pGzJ]x3^짋Rw_߳L`8xiR:ti.}LXQ{7{OMݽ,?\Zw-eF[=`OZ=kÚׇX:kA&J<t\0Ï_\\Y_H_#7`uI=\rB@-A&3ruW<޿3`R%\0MO7^~+Qcʃ?J=$QHakp1{>x\Z!m5:1p3 {\nվ^RcҵmF5wr\0N8s^l-Ƥez,)B][Zl*qkS_t5$qI}`R]E\r:sO4Hn棯˒$P(r;?D*\Zֻq<LNe߉#.\r,NUnp:\"!>ceu^˕bMg=~^澰\rLy&]2hQ>\'#g<r\0tKkE.1g|$ypԛ}K\0Ch)w/G~\n/n|XnJsөpӴ-Հ#|ZQ??x$ϵk~9/\n;f,:e{kiex\"0M(Sqּ,Vg6SNo<6fr{lR?/~#$uSuÞ>1V;OAQ\"k#.;qA-SK+<$<n{W~	|$zhZS,Y2G\re^\rU\\hSW}ע|oa|$xhGz\0|fVbm2]Ulf,\'2:mGV_~4/Fұf w$\0.Nt\r#NLmCi\Zƀ8P&.I/prwJD3/xEʿϻ*;2\"<S煮4[\rl3m(9d-#WS\rZm-<<\ZxM:5f47~Ϟ-˫j8; `\nrx\0\rTO{=2O+iM*r8r{E퍭zg\'6\"bJ8gw>\r.!%s*<VG\02[s}\0W86Xμ[<ikyկ \raЏV뾧xM\'z-fiy^1\r\r0w&{`t-Y`A\nѨ.O<l21ON%tm+^ɫ]%>y~_RQi7{]׽?Fu`XJnQTC+>1\Z:ՍT$xaJn){We3|%L!^2Vך;ƶU/(z=PFyۥ[J֯ݭ}љ|~bq$_J;tP߇ZK{r>]OeVq8O\"F$?+d[s\'L_ȜQ؜kf~ϰ\rbviw=&%)uܳ4\0n>Q\'<?7^j\Zƞ&rmLn+(cuڸԿGN2	onױZPylcD	\'w,q7>2GK尸QFec&ʶ8.oFa\nWI&P?^[f\'!\\ڋ0Oq{\r1Q4Kf,LI\'ge_KnYxر@]dHr^pq֟_$b[͚09cnC+jvs\r³FyøA	皡x\ZzTk0W7+&Kr i5IoӠrF0[xJK$,:\0-?Jϋ5jז4\\F|!*18wsYzj1j:θhohZ(>WĞ&_%*7qc8=+rmEMԜTyf[]j3LKyz0NI#b{o#P3(4`?jʥvyqk\rIX?ۻ%ǌ	B.X75ٵ#~X/쪰JV{5[_~YݭߣF~㬻#֤n?jo|_\"htZU]:kswyGV_ҭN;\n*af֋MwHv\0xQڙ<{ʌx̅{|}BӴg[e$r{Mc1Ay׈uO}kiG>dP˝\0O\Z=X\r<g>wGsIvi6YrJ$H9\07ЫOMI;Z\'}OLKPS=V^vлw~f=CS0r\'*^:ڊ\rWRIkq鑳,\n)\'8J*tH9)r%?G((ȯ47恌q@8U.f,q$CƬd7Y\0\rRH<G#s+	^boJ(KB\nM%v>t\ZC<#=2i\0$q .V!&D\\*#=y8\0Ioh\0ǚuŔKy(ܐ1\0֯|w@G\Z_h?l?Z& W}\ZUW9sUSi9=httݟxxaxv=I\'\03.ҵD7x$^_H}XT+执:^C&#JqU|u-+XS3,#Qp=3xvбǚ\n> xRNKG~}ϭ宖II\r*J;@wc>p:S{m:x\"K*4qg>^Yuw=l7F)$L<ث<o\n]\'n2ZT+.o6UՎu;DpV+xxf\\i5/GDyQlP=5bq>eH0NN=;7jږ^XCwPGe=1ۚhd\\B\\A<׀2	B5q$7wu&UiHp0;bi&1DdW9@Nu^tZ6ך$]<gW.Zp\0T.ˢs~η$%$!c^hwN=NO\'[K_N&nSp*\0ּK`\\ǯ{qSI|ϝW\'>ޚkh|1,?GWfrnBU&w\r.㉶Cs\'\n0k<|_p\\\na7^jzyOe_{dt>g56:/\'שsO^\0\"Wӏ/9}4\Z.T%],8?@:N8OmOEk~\"M6i=K@^30Xq{?t|+m;VrmtBZW\0ܿ>Y8ӶVn癯W<T_kGEEKV`Hn[D&g-u+m4Ҭl4j2~r+/jG	te6<+;kMWNUElT}sGLs%NkVjSm$?vFIJ֓mN1{]>Q4<^zR\Z]H XN̷Vt~Vr}\rb*Ҩ5[m_Eo[\'}\0\0/CA)(`O.HRc;:NhgSEx9#\\V}oIyu2E*YF\nԞ|w\0iyls	diHH9ǵ|g2LܓI/=.ݚKCxG#gY(1i~x[X Mm{ٲNV\nXW:\0xS_xk]Rw9Yۜ0#k=vHu㱗0GpDWqQٯ?e2xE^1t9hpBKPzFsϡ~2\riFӢɭ<T2yէn߀>úY=Α3cd\0dn9e޾$jy$`\0,0Nkߍ߉t6/.8@9PF;}KRN4zW,\ZS-n7\nBOpFY 9߆ifvӾ~qYv\Z9y)z=u^vկϴ4q-&!(Xq&kn\'0>\'v\0ģck\0{x)j^3k5P<7o	tFZXpYFrGւȸ)m!vtnF/Ӄlהj+ݟ}O|ƂkZTlމXhb1	5e7[;t\0*`Uu!s.`6?vA@\\߭hxK?~\"t]9\'H=dImJ8Ž-o*&ޯO|4o^;y-u\"\\Py|8{\0g~-q5\rUNp9A0kA>x#PjH |\nqx(|O\0{rhz] l#b,RWN\0T(b爎.T-,}=>6o]jpSq,g;A\'\0zVίhv|o޴!<Wz$IA72\'Y?}=	kȯv~8i\'\',-Z+J[	E`Ac]C(JJL><	&&umng2_p@?Sgֽ7Sm$1$v,g~U^szzsYQ\0\0FVs3xzTYE0!gdQxxCj\\4	n!66:dH85VSuV`=98 d.%Xaé?F=^3JFt(=7[[sUCJtǚ2Z\'Z?4;Kyuo\ZXYyU?{jzs^9uY{ _L2G\'\'Ey`|?~-#\ZYڎC2sһwUkmlaY[*ͻ+\'XqNm,\n1KQ\\\0Mn]5̚\raZR*RKD-/wycDڗ\nIpp۶J3Es^2ߝ76Ӡx8>Wahax%\'\0)/YN܇MWY$Vl42CnW㏉IG}}`\r}dQE|/X*Ҡm?>2L&6tWN^Vo<㶷rIiy핑<בxo3mkon0ekxT\'sEf~%QוHDd6_\Z`\0{w8Ύ?LG9D=]6\\X+\\Skf6JȢPk$iD|#m4\r+ԭY>f%\'(a:}|-\"xJ	#6HY%r2(\\8f)K\'Ͽ{[C5R֥*7Qqumm}O<G~!OͰ֭	6oMoV&#wcEy\0?g~\'|w59#)m!\0F13uUNph:+<jN,\"QVOn=<o\0/M_h>i);;U89\'^⟄W{7L|^Rm$g:(0Z($?ג\\ZOUӿC]rO	%,7My¼§*0j\';[Ynn	G?7S?:(ͳENOhCڮ*WJݺjv7Xa.,P˞ç^yúŵ ul~S88(Iו\ZRZy\0ˉZE{%PfbO\\wˣZ^[Z%Br6<G8ڊ+sF);-zmrJfwXv1c`X_NfկD#aGuE|w֪Tj-RW;vt+{	8~҄~k\n!\rF9Z=(LMާ=袱wײ-<;syٴݶ)$g${QEtUigmM:4 g',NULL),('24',2,'source',NULL,'{\"resourceId\":\"23\",\"properties\":{\"process_id\":\"process\",\"name\":\"\",\"documentation\":\"\",\"process_author\":\"\",\"process_version\":\"\",\"process_namespace\":\"http://www.activiti.org/processdef\",\"executionlisteners\":\"\",\"eventlisteners\":\"\",\"signaldefinitions\":\"\",\"messagedefinitions\":\"\"},\"stencil\":{\"id\":\"BPMNDiagram\"},\"childShapes\":[{\"resourceId\":\"sid-824AAB71-4868-4CF5-940F-DC0441F37DBB\",\"properties\":{\"overrideid\":\"\",\"name\":\"\",\"documentation\":\"\",\"executionlisteners\":\"\",\"initiator\":\"\",\"formkeydefinition\":\"\",\"formproperties\":\"\"},\"stencil\":{\"id\":\"StartNoneEvent\"},\"childShapes\":[],\"outgoing\":[{\"resourceId\":\"sid-ED26B6B6-CDB5-4B2D-968E-6F95C009E79E\"}],\"bounds\":{\"lowerRight\":{\"x\":77.5,\"y\":195},\"upperLeft\":{\"x\":47.5,\"y\":165}},\"dockers\":[]},{\"resourceId\":\"sid-3E2C80CE-D6C7-414F-9360-ACE971A5D521\",\"properties\":{\"overrideid\":\"\",\"name\":\"\",\"documentation\":\"\",\"asynchronousdefinition\":\"false\",\"exclusivedefinition\":\"false\",\"sequencefloworder\":\"\"},\"stencil\":{\"id\":\"ExclusiveGateway\"},\"childShapes\":[],\"outgoing\":[{\"resourceId\":\"sid-E6C8592F-F700-4F2C-AB5F-8C09EBDD390C\"}],\"bounds\":{\"lowerRight\":{\"x\":162.5,\"y\":200},\"upperLeft\":{\"x\":122.5,\"y\":160}},\"dockers\":[]},{\"resourceId\":\"sid-ED26B6B6-CDB5-4B2D-968E-6F95C009E79E\",\"properties\":{\"overrideid\":\"\",\"name\":\"\",\"documentation\":\"\",\"conditionsequenceflow\":\"\",\"executionlisteners\":\"\",\"defaultflow\":\"false\"},\"stencil\":{\"id\":\"SequenceFlow\"},\"childShapes\":[],\"outgoing\":[{\"resourceId\":\"sid-3E2C80CE-D6C7-414F-9360-ACE971A5D521\"}],\"bounds\":{\"lowerRight\":{\"x\":121.87501928882116,\"y\":180.3687889396821},\"upperLeft\":{\"x\":77.96482446117884,\"y\":180.0960548103179}},\"dockers\":[{\"x\":15,\"y\":15},{\"x\":20.5,\"y\":20.5}],\"target\":{\"resourceId\":\"sid-3E2C80CE-D6C7-414F-9360-ACE971A5D521\"}},{\"resourceId\":\"sid-0F2C513A-31D1-4D3D-BA2B-4C4DFB6DB4C4\",\"properties\":{\"overrideid\":\"\",\"name\":\"\",\"documentation\":\"\",\"asynchronousdefinition\":\"false\",\"exclusivedefinition\":\"false\",\"executionlisteners\":\"\",\"multiinstance_type\":\"None\",\"multiinstance_cardinality\":\"\",\"multiinstance_collection\":\"\",\"multiinstance_variable\":\"\",\"multiinstance_condition\":\"\",\"isforcompensation\":\"false\",\"usertaskassignment\":\"\",\"formkeydefinition\":\"\",\"duedatedefinition\":\"\",\"prioritydefinition\":\"\",\"formproperties\":\"\",\"tasklisteners\":\"\"},\"stencil\":{\"id\":\"UserTask\"},\"childShapes\":[],\"outgoing\":[{\"resourceId\":\"sid-76BC6B3B-0ACB-4EE0-AA5C-D7415FAB842D\"}],\"bounds\":{\"lowerRight\":{\"x\":307.5,\"y\":220},\"upperLeft\":{\"x\":207.5,\"y\":140}},\"dockers\":[]},{\"resourceId\":\"sid-E6C8592F-F700-4F2C-AB5F-8C09EBDD390C\",\"properties\":{\"overrideid\":\"\",\"name\":\"\",\"documentation\":\"\",\"conditionsequenceflow\":\"\",\"executionlisteners\":\"\",\"defaultflow\":\"false\"},\"stencil\":{\"id\":\"SequenceFlow\"},\"childShapes\":[],\"outgoing\":[{\"resourceId\":\"sid-0F2C513A-31D1-4D3D-BA2B-4C4DFB6DB4C4\"}],\"bounds\":{\"lowerRight\":{\"x\":207.30079078438814,\"y\":180.41360197940782},\"upperLeft\":{\"x\":162.78514671561186,\"y\":180.21921052059218}},\"dockers\":[{\"x\":20.5,\"y\":20.5},{\"x\":50,\"y\":40}],\"target\":{\"resourceId\":\"sid-0F2C513A-31D1-4D3D-BA2B-4C4DFB6DB4C4\"}},{\"resourceId\":\"sid-9DCE1851-A5DD-4287-84E7-3DF1B6D5978D\",\"properties\":{\"overrideid\":\"\",\"name\":\"\",\"documentation\":\"\",\"asynchronousdefinition\":\"false\",\"exclusivedefinition\":\"false\",\"executionlisteners\":\"\",\"multiinstance_type\":\"None\",\"multiinstance_cardinality\":\"\",\"multiinstance_collection\":\"\",\"multiinstance_variable\":\"\",\"multiinstance_condition\":\"\",\"isforcompensation\":\"false\",\"usertaskassignment\":\"\",\"formkeydefinition\":\"\",\"duedatedefinition\":\"\",\"prioritydefinition\":\"\",\"formproperties\":\"\",\"tasklisteners\":\"\"},\"stencil\":{\"id\":\"UserTask\"},\"childShapes\":[],\"outgoing\":[{\"resourceId\":\"sid-651EA1AB-6B3D-469D-8FC9-2517A1862890\"}],\"bounds\":{\"lowerRight\":{\"x\":452.5,\"y\":220},\"upperLeft\":{\"x\":352.5,\"y\":140}},\"dockers\":[]},{\"resourceId\":\"sid-76BC6B3B-0ACB-4EE0-AA5C-D7415FAB842D\",\"properties\":{\"overrideid\":\"\",\"name\":\"\",\"documentation\":\"\",\"conditionsequenceflow\":\"\",\"executionlisteners\":\"\",\"defaultflow\":\"false\"},\"stencil\":{\"id\":\"SequenceFlow\"},\"childShapes\":[],\"outgoing\":[{\"resourceId\":\"sid-9DCE1851-A5DD-4287-84E7-3DF1B6D5978D\"}],\"bounds\":{\"lowerRight\":{\"x\":351.65625,\"y\":180},\"upperLeft\":{\"x\":308.34375,\"y\":180}},\"dockers\":[{\"x\":50,\"y\":40},{\"x\":50,\"y\":40}],\"target\":{\"resourceId\":\"sid-9DCE1851-A5DD-4287-84E7-3DF1B6D5978D\"}},{\"resourceId\":\"sid-B8AD98C4-B2B5-42E1-BB08-E7318CDCD6C7\",\"properties\":{\"overrideid\":\"\",\"name\":\"\",\"documentation\":\"\",\"asynchronousdefinition\":\"false\",\"exclusivedefinition\":\"false\",\"sequencefloworder\":\"\"},\"stencil\":{\"id\":\"ExclusiveGateway\"},\"childShapes\":[],\"outgoing\":[{\"resourceId\":\"sid-CAE99726-AFA5-46AC-AAA7-5EAD99FD62DA\"},{\"resourceId\":\"sid-0E364879-0E8D-4683-82B0-B4AE690CA329\"}],\"bounds\":{\"lowerRight\":{\"x\":422.5,\"y\":100},\"upperLeft\":{\"x\":382.5,\"y\":60}},\"dockers\":[]},{\"resourceId\":\"sid-651EA1AB-6B3D-469D-8FC9-2517A1862890\",\"properties\":{\"overrideid\":\"\",\"name\":\"\",\"documentation\":\"\",\"conditionsequenceflow\":\"\",\"executionlisteners\":\"\",\"defaultflow\":\"false\"},\"stencil\":{\"id\":\"SequenceFlow\"},\"childShapes\":[],\"outgoing\":[{\"resourceId\":\"sid-B8AD98C4-B2B5-42E1-BB08-E7318CDCD6C7\"}],\"bounds\":{\"lowerRight\":{\"x\":402.90122493781763,\"y\":139.35548137570467},\"upperLeft\":{\"x\":402.70424381218237,\"y\":100.15623737429533}},\"dockers\":[{\"x\":50,\"y\":40},{\"x\":20.5,\"y\":20.5}],\"target\":{\"resourceId\":\"sid-B8AD98C4-B2B5-42E1-BB08-E7318CDCD6C7\"}},{\"resourceId\":\"sid-10FB91C2-8745-4417-B80C-B626C47B038C\",\"properties\":{\"overrideid\":\"\",\"name\":\"\",\"documentation\":\"\",\"executionlisteners\":\"\"},\"stencil\":{\"id\":\"EndNoneEvent\"},\"childShapes\":[],\"outgoing\":[],\"bounds\":{\"lowerRight\":{\"x\":610.5,\"y\":194},\"upperLeft\":{\"x\":582.5,\"y\":166}},\"dockers\":[]},{\"resourceId\":\"sid-0E364879-0E8D-4683-82B0-B4AE690CA329\",\"properties\":{\"overrideid\":\"\",\"name\":\"\",\"documentation\":\"\",\"conditionsequenceflow\":\"${agree == false}\",\"executionlisteners\":\"\",\"defaultflow\":\"false\"},\"stencil\":{\"id\":\"SequenceFlow\"},\"childShapes\":[],\"outgoing\":[{\"resourceId\":\"sid-3E2C80CE-D6C7-414F-9360-ACE971A5D521\"}],\"bounds\":{\"lowerRight\":{\"x\":381.6484375,\"y\":160.34375},\"upperLeft\":{\"x\":142.5,\"y\":80.5}},\"dockers\":[{\"x\":20.5,\"y\":20.5},{\"x\":142.5,\"y\":80.5},{\"x\":20,\"y\":20}],\"target\":{\"resourceId\":\"sid-3E2C80CE-D6C7-414F-9360-ACE971A5D521\"}},{\"resourceId\":\"sid-CAE99726-AFA5-46AC-AAA7-5EAD99FD62DA\",\"properties\":{\"overrideid\":\"\",\"name\":\"\",\"documentation\":\"\",\"conditionsequenceflow\":\"${agree == true }\",\"executionlisteners\":\"\",\"defaultflow\":\"false\"},\"stencil\":{\"id\":\"SequenceFlow\"},\"childShapes\":[],\"outgoing\":[{\"resourceId\":\"sid-10FB91C2-8745-4417-B80C-B626C47B038C\"}],\"bounds\":{\"lowerRight\":{\"x\":596.5,\"y\":165.0078125},\"upperLeft\":{\"x\":422.896484375,\"y\":80.5}},\"dockers\":[{\"x\":20.5,\"y\":20.5},{\"x\":596.5,\"y\":80.5},{\"x\":14,\"y\":14}],\"target\":{\"resourceId\":\"sid-10FB91C2-8745-4417-B80C-B626C47B038C\"}}],\"bounds\":{\"lowerRight\":{\"x\":1200,\"y\":1050},\"upperLeft\":{\"x\":0,\"y\":0}},\"stencilset\":{\"url\":\"stencilsets/bpmn2.0/bpmn2.0.json\",\"namespace\":\"http://b3mn.org/stencilset/bpmn2.0#\"},\"ssextensions\":[]}',NULL),('25',1,'source-extra',NULL,'PNG\r\n\Z\n\0\0\0\rIHDR\0\0\0\0\0\0\0\0\0\0 cHRM\0\0z&\0\0\0\0\0\0\0\0\0u0\0\0`\0\0:\0\0pQ<\0\0\0gAMA\0\0|Q\0\0\0sRGB\0\0\0\0bKGD\0\0\0\0\0\0	pHYs\0\0\0\0+\0\0 \0IDATx	\\T3\".&jKRe& \Zdn^3CclyivK+Mo7TiuI\nMDHDّa~31Ȧy^:3gg3;9s\0\0\0\0\0\0\0\0\0\0\0\0\0\0\0\0\0\0\0\0\0\0\0\0\0\0\0\0\0\0\0\0\0\0\0\0\0\0\0\0\0\0\0\0\0\0\0\0\0\0\0\0\0\0\0\0\0\0\0\0\0\0\0\0\0\0\0\0\0\0\0\0\0\0\0\0\0\0\0\0\0\0\0\0\0\0\0\0\0\0\0\0\0\0\0\0\0\0\0\0\0\0\0\0\0\0\0\0\0\0\0\0\0\0\0\0\0\0\0\0\0\0\0\0\0\0\0\0\0\0\0\0\0\0\0\0\0\0\0\0\0\0\0\0\0\0\0\0\0\0\0\0\0\0\0\0\0\0\0\0\0\0\0\0\0\0\0\0\0\0\0\0\0\0\0\0\0\0\0\0\0\0\0\0\0\0\0\0\0\0\0\0\0\0\0\0\0\0\0\0\0\0\0\0\0\0\0\0\0\0\0\0\0\0\0\0\0\0\0\0\0\0\0\0\0\0\0\0@mR\nySS\0ؽ{FF/\0\0P_}U;ƌ$%%M۷OqqqI@\0N6lذ1\"\"k޼yEtt,`y\0\0*(((ȑ#oҧOݼ{Gqtt:ug޽))P	\0@>Ǐh\"{֭Ҿ}{86i&%*\0?>p̙jڵuֶer T\0P?<tԩe~UVVurrԾ}`y\0\03dɒ\"$Q:tP׸ZX_z^zR\0\0`U988뵃k%,66VCJ\07nŋZjՠ2211n[D,tB%\0Leb۶m\"\rjٲe7x			,B%\0L<پsΧ{늵uw6ʰa,W7nqppOJJRڀPQ\0\0=oo666eي(ϿeY___E,Wi^bbs˲+V\rAhe˖]z*EDDb	Z*\0t}饗T-Zͷ\rj~%\'\'|\'O*&L9͛$3(=TFرcjv}M%@\0wwn?8ٳUpuE0vVVn^aa\Z4H/T_ӣG] VDs#1|?\"?\0\0\0Z:K\Z(\\]]={¤VGbrr섣v\"*%%%#Weee%{8|p^z>}:O T\0QƍksUjQJWґ-y2DFGG+}ގԩSo6xEGíD|_~D\0B%\0xzzZYY}gL8Nܹ#[\'%9ՇLI^qgϞs)oGh:СC`?\0\0#\n?5]ZZZ9)w/XCXuӧϙx>!0M%&ޔ`DM^^^vcƌi:A˗/B)ɫ̛7O߿יxO\nF(0444\\߼%?\Z@J0JcRJ&/_\\u\r\nR޽]ڊp9O	F,P	4R\00.2::_QQQ6Cm:dKN\\%>>ABT^p!_^Z*alhh!T2444b\0/~yyyvnnnVKzjݴ*98Zw\n+9;ＣarvHHH0`(j\0-[>iӦC6aaa@RNדCbu^Mlٲ󂂂\0\0`LD8+((p\r7)X(\'N(࠻~7]l\\dIzQQ\0J\0=Uo޼9t۶mi~amIQ>O^}gѢEҥK+]\';;[ٸqckW%[(.\\.]y|\Z\0\0``؞={REh̗Wκut1bҥK݀nnnPCR:;7Dܕ@\0H,,,yk׮%XC:ߗ.]*goo̚53*Һŋ_sʕ|\0\0`B2??QQQ?\\}HZJ7&eŰ+T:-ka֯_{,/\\09--[`H!\0@ooG\\-:^^ee ?+d|jj*-\0PI```#			WZ#W7~;ҥKmmm=\0\0`RlD\\\\ܑ˗gW7y}p\Zy\rP	\00`iaa11))@@@@^C+?~RJP	\00`iӦI/_S۸Yfw111v%%%cauJ T\0XPPk׶r#GܯVǆR\0\0\0y70C	-eq@\0\\PPYYYrj\n;Z~R}IJ\0\0n!ܗ}||4۹sgخ]Pnٲ%\0\0($$$H]tiA||nE%>~RW\04yxcbd18Z*\0\rVZZVJ&e*\0$[[[(B%\0\0>もє\n@\0&U|PZZ:\"\0\0*Ǐ=\0\02e01q.*nٱcє@\0NT*eSU@\0vV\r*\08[iJKKj4a@\0V\"8,a/J	 T\0p;o3\0\0ULz\\)-P	\0@Z:?^\0B%\0\05rOq T\0P:.wӣ`>	\0J=_ܖ(!|R	\0\0\0B%\0\0\0\0\0\0 T\0\0\0J\0\0\0*\0\0@\0\0\0\0\0\0 T\0\0P	\0\0\0B%\0\0\0\0\0\0\0\0\0\0J\0\0\0*\0\0@\0\0\0\0\0\0 T\0\0P	\0\0\0B%\0\0\0@\0\0\0\0\0\0J\0\0\0*\0\0,)i=[XX8`͛7hZ\nT*bkk#n3u0*gϞUz?sL@H111k4ЌTJV%C/?rȻ\"L2dHu=S!\0ɓ\'gU]NJեKM6ʦغukEA);wv;;:@L&{{0{Gy衇9998q̽J۷%++3\nRUiV3RBq>B)SxԲeKE0\nyС!kTVSLySRWUO_\Z\Z\Z\Z`.cgg~ZU3_+?..V~?޼t~Y*X]Z%\'\'.!c-ձY^sR6w---%U(?]ɺSsYWcMU*X/~0̭Jbr.ˊcVs)^gvܹEMg%]֤ 7\nDZcuV\0B%;hD``\\EwnvsJCǢ@ʰ:.9KaarA4?{{{yt`H訃۲h4)S-FYضdAu砦>:ֲQ=p;efbLJOV\n!ЁPFxwSDٶط]sv=P\0BVB%\Z)%%%Rn5<kccRTtrPshA!:!:***FS%y/.ȡp@7TMKoYu`%T>Ѿ\Z\ntn~!Rt2.|@*&)u`%TRSSy$UfJOEL%9vrJIQ~hK\ns\'P\n(4P\0#BVB%\ZIJRH;@?e$S>Ur\'i畤cku-Rd\r`LZᐸu`%TQN=5,D8)zPCqk!qJDh{)?wqK:DXouP/r#qww?#۟Wbww\0`dV,Wi,;Rz1bD2l02\\є\n\0;V܁Pzٰa\'.\\W^}U{,+`J\0`NJD;vlo0@7oʬYl<yrJ	\0`fJD}|\'\"##{5j2{l[;;(-\0̢OLLߴa׮]sζ,((PYYY)[.ԩSFvmHe\'\'j1bEQQQ7$áI\0M:չxJ\Zh\\,9HZv2eJxEhppp2Z%G;vr})\"@_K.u{믿~jɒ%9\"h~h\"?6E;w\0C.+ŋG=<<\\\0B&+%%%#Dh|YnbML\'VG_}b\\=W^,*J\'{+W%ɰ4p@eʩSZ?}:99=%}Xp__J=ooo+=zɓ5\00fev---}/-^7Zc/9BJs=\'|0Y@m߾}ꫣ|\"X.1\relժU^K/Y\rKTTԏ\"d>e\0jʔ)bFlѯ_?eСJ=m7oT233$رcJLLRTT٣u\'=<<jIuֽ`UϞ=+...j*}VZJUsxDرcLqqqzށRoܹ6=O>Ks9^Y\0\0`iJYd\rVƍv=(Çݻw+{QJJJ\"E_V^&\"P.ktڵlS?7!P$M6}\ZBYռyZk u\00@.__SSd\\^Nr^J/>]Wr}0Սg۵k[l.5m,ٻ^<؀3zh.\n\00xJ(e޽ab0:WkEt1r3ݞܪZ(-&Mڽ{N񰛩m<mE<%gٳg oYV`۷ҼD٩eWXې,X`l27yAieW \0\0 tPJk;yX^ӅK.YP1a*f-͛jaa]y\',\\S~衇_~J9܈TG}t:Γ7:.]ڲSNļ@Z,\0J$y_C)`ce`)rDNďapVVVK===-dڝ6m4Z\\}tS2ټ/ETW)//(a.](ׯ/_*ׯ9gkk9$Om٦MΫ\r2xK~tAP)k\"O?v\0_NBhZfw;w>/zq@)~ypss0s\Z^z饗QƊQx񢒖<xPn2Lfdd^S/4,CMԩuQ&GRSQ%O0n2W1%}}O;\'P*4=j*86_m۶jY߱(cСV~Ao,*̖7Q	evqIII빊`7ݳ>[е[qn^qq*jZ?DN֭k=L ;>;K,Y.[\ZJj#&^|D}!1/:Pc\'&ω?b;%o\0ƥҋl$P~]t%**J?K? T6?oi9wU/(*kPY<EyԩSʔ)SvZصk\"j\n\"^YO>DFF*\\ \';;Ro9ȍtٲe|||VL6`\rj9x\Z&Op%իd:\'E)g?(~ _zG\\P9Prrr˞w<B!8,1%fؑ+?oV8qBw\0V[)PK9O!o_CCC\Zh5kNNN7<<<UZEk{)KQǟӂ	,W쮾[n]Be3),,l+廬wۈ `gݡ\\F#9V[YYeW@)uXVJ]-[*s̩w8`v~=T\n-PJxxҾ}[XB膾]3Qܝ(_y\0ΝUߞP̊[4 qQJ\'K9Y?4h2f̘GjsttT._\\RKYq@ʊpi0<`ΝJqYŘKIkO40jΫUnaÆ)۷o׊Pv30Z\0?~/**ʦ.=VGr^)PJ(>>AJI\"noʺV2ZѫW/ɓK\r\n?ܝO0(`)лRNVIcԡ*#33I}X[[MuwwS\0;LZW3O?1//OW\'ynպiUr[vGx}6@&eOpg7GMVjY\"(;Wuɓe4/+RD}).j1rƌ|rAIw4TWpP̴Z񤤤\'Ekc\nK+Bu!䶔2ݲeK)S8R<lU`C$ʠRΓX*J\'%[l7W#I_eZe@= @ԩSW&Ķa]XV\0X}GzD~w	I}\'N>lذvwo:u*`!wX666GқT8www਼&Lm*rs?{|qݕxj#[6,Y^TT#ZY}(]E%0Rb?؎u8sG\Zu\\*qɷ\0wk\0~I[h.r\r.444Iˡ۶m;*ߢkԇG]eh\"tϟ_>\0츲qF]盚J__tJplAPShQ032W}?SN܉o`SV(?c烃b3pȐ!,7??7ʚ-?V+!X۳gNj[]0_n.<ʫ1zrxZ)PCκ,\\uɓE;55PyJlllҢ`d1D#ȩN{U#1W*+_|ځӭׯzE4dyϝ;RudgYf?1cи5\'oNyʗŋfeei(WeQP\0TߓrȑMzn웱k׮Rpjc!!!;D Jغu;wvؑqի&SLkTT>,W([UVƤx}ojxW$	\\r<p䴴oz_Ru\0\0Cb!G}5kTܯFR47!/7D۾ןtSV9LSD)ޏDGG\\reo\0[aĆUٳeVԙJ\0xAܢŭl ,,hC2Pʀ*[*T\0T\0\0eIDAT_Tm{ｼk׮4rZ|Θ#;XXX<p\\l<9h~;Vl@mmm=\0\0c]~KYb :ӧOr\nЂ7.\\q̙Mߐh4|oDe\r;|:N#Ϟ={z\0\0Ɩ+d>XKٙ5ˉ{]@*)\nSz3\"ź\\;ۯ_?\'Zڵk[)b.Qlllfddĉ]}r`Zbő/e)v7WhڼyR̩|7qwJ#={V{׍\"Ȭ!\'qˡd;dc/T1\\aijoHpww?*>\r}Μ9~>::^$Bi@S/3*N\nYlYGf͚Dtj#L5P\0̃>WLA5$r*cMN<ҔO47U6XQ	gg}УGFٳgGGGǶ666-5\ZM^fffה?2s\0===o:tS<rW!(\0&+D0#zdHs&^	[N꜐3g??.T m*[l}>  N\nI``n(_b)=\0\nV2Wk˝%FXs&bQ\ru\ny(`)x}\'E%\0fFMILLΝ;vHIIX(c)-\0\0@\ZfҥKuo.(qs\0\0ɒ\"@}\0ᑹbŊ=z/ߓ\0\0拖Jԛ.jaa$(Ti\"PFP*\0\0*˽666rJi\0\0\0B%\ZL^/R\0\0\0J\0\0\0*\0\0@\0\0\0\0\0\0 T\0\0P	\0\0\0B%\0\0\0\0\0\0\0h$JUj)P9hC0:*SxS999͕/![	()){ƍTJedd\\jC0:*PZZ-%%RL)fvʕ\"1F!P	qG_x|D_,**;vQ̭JDhbdIi}7/\\`\'>רC0:\n\0hӧO?d6mmll(2N:]ZZ:{ܸq!kشiSiNL.**:URQ0wPbb⑄cƌE!4}Ctرr\r8ZVz$Ǐ:*~WJ5I-nō@x+n;TPC\0\0\0\0\0\0\0\0\0\0\0\0\0\0\0\0\0\0\0\0\0\0\0\0\0\0\0\0\0\0\0\0\0\0\0\0\0\0\0\0\0\0\0\0\0\0\0\0\0\0\0\0\0\0\0\0\0\0\0\0\0\0\0\0\0\0\0\0\0\0\0\0\0\0\0\0\0\0\0\0\0\0\0\0\0\0\0\0\0\0\0\0\0\0\0\0\0\0\0\0\0\0\0\0\0\0\0\0\0\0\0\0\0\0\0\0\0\0\0\0\0\0\0\0\0\0\0\0\0\0\0\0\0\0\0\0\0\0\0\0\0\0\0\0\0\0\0\0\0\0\0\0\0\0\0\0\0\0\0\0\0\0\0\0\0\0\0\0\0\0\0\0\0\0\0\0\0\0\0\0\0\0\0\0\0\0\0\0\0\0/ס\n[\0\0\0\0IENDB`',NULL),('7',1,'image/jpeg',NULL,'\0JFIF\0\0H\0H\0\0\0Exif\0\0MM\0*\0\0\0\0\0\0\0\0\0\0\0\Z\0\0\0\0\0\0\0J\0\0\0\0\0\0\0R(\0\0\0\0\0\0\0i\0\0\0\0\0\0\0Z\0\0\0\0\0\0\0H\0\0\0\0\0\0H\0\0\0\0\0\0\0\0\00210\0\0\0\0\00100\0\0\0\0\0\0\0\0\0\0\0\0\0Ƞ\0\0\0\0\0\0\0\0\0\0\0@ICC_PROFILE\0\0\00appl \0\0mntrRGB XYZ \0\0\0\0\Z\0acspAPPL\0\0\0\0appl\0\0\0\0\0\0\0\0\0\0\0\0\0\0\0\0\0\0\0\0\0\0\0-appl\0\0\0\0\0\0\0\0\0\0\0\0\0\0\0\0\0\0\0\0\0\0\0\0\0\0\0\0\0\0\0\0\0\0\0\0\0\0\0\0\0\0\0\0\0\0\0dscm\0\0\0\0desc\0\0\0\0\0ogXYZ\0\0l\0\0\0wtpt\0\0\0\0\0rXYZ\0\0\0\0\0bXYZ\0\0\0\0\0rTRC\0\0\0\0\0cprt\0\0\0\0\08chad\0\0\0\0\0,gTRC\0\0\0\0\0bTRC\0\0\0\0\0mluc\0\0\0\0\0\0\0\0\0\0enUS\0\0\0&\0\0~esES\0\0\0&\0\0daDK\0\0\0.\0\0deDE\0\0\0,\0\0fiFI\0\0\0(\0\0\0frFU\0\0\0(\0\0*itIT\0\0\0(\0\0VnlNL\0\0\0(\0\0nbNO\0\0\0&\0\0ptBR\0\0\0&\0\0svSE\0\0\0&\0\0jaJP\0\0\0\Z\0\0RkoKR\0\0\0\0\0@zhTW\0\0\0\0\0lzhCN\0\0\0\0\0ruRU\0\0\0\"\0\0plPL\0\0\0,\0\0\0Y\0l\0e\0i\0n\0e\0n\0 \0R\0G\0B\0-\0p\0r\0o\0f\0i\0i\0l\0i\0G\0e\0n\0e\0r\0i\0s\0k\0 \0R\0G\0B\0-\0p\0r\0o\0f\0i\0l\0P\0r\0o\0f\0i\0l\0 \0G\0\0n\0\0r\0i\0q\0u\0e\0 \0R\0V\0BN\0,\0 \0R\0G\0B\0 000000\Zu(\0 \0R\0G\0B\0 r_icϏ\0P\0e\0r\0f\0i\0l\0 \0R\0G\0B\0 \0G\0e\0n\0\0r\0i\0c\0o\0A\0l\0l\0g\0e\0m\0e\0i\0n\0e\0s\0 \0R\0G\0B\0-\0P\0r\0o\0f\0i\0lfn\Z\0 \0R\0G\0B\0 cϏeN\0G\0e\0n\0e\0r\0e\0l\0 \0R\0G\0B\0-\0b\0e\0s\0k\0r\0i\0v\0e\0l\0s\0e\0A\0l\0g\0e\0m\0e\0e\0n\0 \0R\0G\0B\0-\0p\0r\0o\0f\0i\0e\0l|\0 \0R\0G\0B\0 \\|\0P\0r\0o\0f\0i\0l\0o\0 \0R\0G\0B\0 \0G\0e\0n\0e\0r\0i\0c\0o\0G\0e\0n\0e\0r\0i\0c\0 \0R\0G\0B\0 \0P\0r\0o\0f\0i\0l\0e1I89\0 ?@>D8;L\0 \0R\0G\0B\0U\0n\0i\0w\0e\0r\0s\0a\0l\0n\0y\0 \0p\0r\0o\0f\0i\0l\0 \0R\0G\0B\0\0desc\0\0\0\0\0\0\0Generic RGB Profile\0\0\0\0\0\0\0\0\0\0\0Generic RGB Profile\0\0\0\0\0\0\0\0\0\0\0\0\0\0\0\0\0\0\0\0\0\0\0\0\0\0\0\0\0\0\0\0\0\0\0\0\0\0\0\0\0\0\0\0\0\0\0\0\0\0XYZ \0\0\0\0\0\0Zu\0\0s\0\04XYZ \0\0\0\0\0\0R\0\0\0\0XYZ \0\0\0\0\0\0tM\0\0=\0\0XYZ \0\0\0\0\0\0(\Z\0\0\0\06curv\0\0\0\0\0\0\0\0\0text\0\0\0\0Copyright 2007 Apple Inc., all rights reserved.\0sf32\0\0\0\0\0B\0\0&\0\0\0\0\0\0\0\0l\0C\0	\n\r		\n\r	\r\0C		\0\0\0\"\0\0\0\0\0\0\0\0\0\0\0\0\0\0\0	\n\0E\0\0\0\0!1A\"Qaq2#B	R%3b$4Cr6Sc\0\0\0\0\0\0\0\0\0\0\0\0	\05\0\0\0\0\0\0!1A\"Qaq#2RB3\0\0\0?\0oZroo$HFy؞N?8%9%o{_W \01!M!(x\ZD=_3ut+r@mAg[rp\\,xƊ:nXjOU+@_~\\?UW\rz/[M9sTUfN[[_nHmDޛ]oS\0e$_c?\r]*:I@jǛ孄1\\X;	|WYgZ-io>2~+m-]шê^\rU#pjҞ\\|tIUAiܔ~U\\\\mg7%6y\0f9eS]9]r$zb|R^R\nXk\r5f_\Z\\to+53(^\\\Z	-;\nRڋ*$հ7;8m)/Xq 뉌i㭩ܬJSey3gZJJY2auEy^ZO|2rlC#c+m6|O`Ɵ$(tFYbq{Xs%.	s71~	j~>ίVyAԮ\\09OA@1ʢB6ȹɋ$!She^`F\\geTm3[QV\0veOd#N\"!	\ZNm>cOЬn\'ǂ\rMW6sL?+(!~A^̧)1_)Yi14 \n?9cct_dwǨI1IIǱ$mqyx$#xÜ 7xASr\'PS8l,yx)Յ[W?)ĲjCsac[|ȏ}\0뇪7b9&]OL;,CH~^pԌsF:M.N7\nZڰ*z7m\0ݏu&;/\ZhYB\0Xc:u|\ZW\ZSu9&]QMp2ʒ1^E|j?,d\\>A\'_~M{3>m6RK]UC)+FTl-\\\0xŬ{*-˩D9>_E5ys6$%w%E~\0	fiJO|j\\Yu^z8*.3*ltUƀ۪y/$jд5n<`5:1=O;kmmslʡL2KbBvFLh쾮%jmQc<ILG\0zQ{r{ۮ>}Ms-hlZ}#FT0nPFxKi>`)VwW O-3ȦEbӖ[O=U!dX,~xk|,$Nvۀ9=9ǘTMʄ¼sĞA3Qc#S74/gYzmTKqfx\Z2=Nܺh)P\Zʼ4ʪj(+MO$\rsU炞*e#hwTZ/^Y\'#yه}L6BR➫w=+5)?GSeԡG\n	k3!<܀ܾ0ɨ|Df7U\\5u(SH-(	nwq VxOCvy2np	/7oq~$O-<\0II\Zv.|d[oU\nq~ӹQI]7W(:/01әS\0u}0J;Jz? b\0̃3%mYt[6kNQ\"RLeFq^_Q0\":יP(	Q_IS\0)+Mqw\\]]sFꁀؒ-{\"Hk[eR.@o|\":IǜstR@Ϡ8Xlv0Wh?qK`Cmy)c6[0=/)\n?#D>\0?b=yp#eጃ)\'hSV?烍\'a[\'ゎ9&ƤP,/994Z[-W*n)*hȶ;ş.oIUW56R(aCh`5[ܜBֺ/c\'Uv\r(pӛ?\n3js1&d\"VזP9$ƀNIIgDpc\0b.ױ?Z[O#&l \0G\Z5.ZW_H˖jx+#7Tnsbо>pN0K?};vSxcjlY%t*,\rhǭ~15/_k1UY\"vTli%6yWqt|sLQ$WsTAbb\0<T[NRA/-t\'.{=فl4Tj1YOP\",iQ܆{ĒHwf-k lu(wCY?FTߨ6URԞxyy,%.p`,)VW{# -nma[	Τ|s4-%IYё^;.xe4lrA0z[Ldyu\ZLJh5q4)hb`Ñ͓!vǗ+ \rǱa{4PxG<W\'Q?M3d:j>xiE[L3,G\r-_FwQ995Α9]F}iޗ5rvQ$ӬqqP|g<%4ޥ:Z%Ωɖ5U8]\Z95֓^3JMCUM5HnCE)\\s؎qx:ֶ\Z:KoC\0miNYˬ2GFtIR\")?]\\,\Z_\0?\Z7-Ajhd7{,;@\0aHgi$yYŉrnz_oYOU41c`}Ue9;0\01ck7#2WY!=pqt#SǦY}I~,[9̑﷨~rS\rlz`Keɣ|A˲՚)\n\rs]E\'$-7No}\\\ZH*V׀8\r+\'%vZor\0욂UM2HH\0UvNش,ʠL2Kc~O#|Z.3$̢)ijGR!nqLí<ӯ&ToH<\'`[8!(spEC{NV_s3MG,,ܧ*ě:-˳ddK̐j]mW8)fmC-} 54wA~!vr41MN8#a878}|Di\\W-k	ND*>\0j/F/\0GKcVV2:l$nE7WSr	&ݚi%r\\,@!*=|$T<j\"2ñ	]#^njetЖ&\nJZa9`^{am5@NCZ+GG\roq=QUiep\r	lalDIբ!9\ruw|[Y@\rKK\0i/[7YBS7Fޝbvš49#5@2\r9\"p#|!]3uaO<\r$r0\neOE|TkS#:pl1(&W<p~6|BJi(Ԟopzn8UASƳ]G~s#,`CStPe7<\\ت;DbiH@Q\0Ε_M\Z)ňRlc͹}Y`^JO3nq\ZHIJ7ĳ#ԖKHl֑krАfo26|rnQM/\"ScPN\'9Ǚ9XK1}8Il]TQnIۧʫjs_H*	FXM¡/ywR:a牙S$Kk^2K6#^#tU,^}lcو[-PZ	>\Z|`g\rwgʺhjz\ZZ*YzEsߞxÞi\n|\0T{);s2ϨGiښb<u>ZmRC/.G|.d1\0`[x\n#!u8XCLGBp7koIfT\"\0>u4EôQoQ;Dxv]A+,W*톺&X׵\ZnZLN Oe:RgCI,xn#;Ђ@56IѨ/$S%D0G{\0o\Zҧ̻EgU#ա\ndقXy-nZ$u9}V,JDrIMrhjV_˔Çc\0].v[̈́E&{,Wr辣g,$TSUNCR%k@xr7\0\'r*4O9v;&Ay`ێ7{bR,ޣ,+*Him\"L_y\"PPIb,`y?o|T\Z5$|ԃpZ/3 --u=LϹ(C:.n\'|MEL)LCQT^Ilzv0	4Mav7@DvF^Ď~xLƺZ֧ɨ),=acĵ=<.	.J\" KGoS:n{BE:xcnb)g&}IlOQ\r<3~G4Sk$yg\0\"Y@ŇQ\ZI#gV-ߞTTso+GvI30pŉMDLѕdk\\r㎘	Ǖ,\"j)cj(Jk8bIF-84>u%AtJp,wmϸߜP,$\"˱[E8v!(Rzp=7>\\8Ȍ9JzJ*$o0\\|\ZIHR8%J{yc$fQʸK@.Cy\0<$㫫/)c%]0blַ#89\ZAJ7T]-HLU6\0;XnAGBԱ!]z,nůa4-:	FO6_{7\"ŗi9!&So9>l?ZdQr2vUNgg\Zwav5pz_>|(^,ORL-\n01+ֻ<Lo(Lh\n<xnwVYcfg\0t \0,iK\rEnT<~P!/[S3ii%)7vnEAb&Z\nwBUfൖ\0x˒j6T(r9	-\0,DhL͗4}M4U԰_JH,㩽ccp:d+/&[w)̬Tth\\J#6Dl\r]\nwvlJeoCVǾʮv#\"ӧ1%EMSWPUHߔEk۵ 2L%*HCMEL4R\'n+jlJ,R:ͺFF<!tҔpDKznG133_M=`ZI&uݸQqu\'~58[%C4zY^&Ji.mG\\k1n)*1:^8C<jKQ`,A`\ZFeV)5K$07@8\0vyiGO=jJ=IQISuDq`nE&}!6)s<Vvyq͹mضsIbakK$9p%YPf*g]yD<p,y\'e)WO$ݗL=#sΐnjB1{ְũ94ı%U\0wcjͼ KI^Gu%aqqy3JHB%CEVK@1!>\Zi7qoSLGRѬ6w0>{3i,LQ7kEo\r?\ZѰKY\"k3mnpYAwU3}q*N#{p)[>e9ӗRSg0jJ|-fͣatw5ōtk܆2дW\Zy?-\'\0r	i+3<̳{TV泸~\\]z_~W8-?ʭպRa=<])RC}̑{!x]5RZI~v$ӪZgRHi+=D3Z#CiMEEFʬdj@ ~ɯJdL\r\\r88ڣ~)s5MtYVkOV\\+ɪdj3JʧZK܌R5TՙQUOSR-vkn\ZL+U\Z({)bdN\"B\nZ[Z-Y	lָz\r2z2-<}2**P;Muߏc5ʫ5fE-[9Tݲl\r\"et=wL쪱\'p?wwl6ih4Zz/<WQ$9{KK3~q/	ҦWSı=fj\"Hp\'[:_\\ulrUu4[bJQK(=X8_Ǘ{rX:LgcrI-&wfElLr%XK#p\0(8XY0\0_1[I\Z	#8\'o=OVq,_\\Z^dG/μabOh	0=]\'`OY+2M#Pi\rk*h(Yc \r#q=o}PQڝ-1юwu=*8K>9AXyJXx:_ߎzb־3dlM@W#2 \rU<_VMg_e&XdUJV%cfk c!g3K4X=x7\\\nꉏ΀G\ne}{̒OAۘ!3س9\rGq+zPH-mSG[\Zܖ&-\rՇűgai=~\0\rn)gcVNm4%DO\Z\\	f=/r=#+e#*o/#>>Qr7vyZYnV!9w|t0Lc5 	\0К\\ުv<R4R*T0۶\"儖}-@Mʐyq)T\Z%\"3$vN2Hުq& Kl0f	\Z$=4oFw;\\Gk۱E/S+$j:+3K^o鉊\\9B/\0&H/JĖp6B{t\nIK7&=_\r&cےV`mU,}1kw\'Vd*Hweđ)UV`-s{11K2ɶWt34f3[Ug) vg*S,jy~m;ZV:ʉ$oK*qz~̒˔)!Qo)_O~V9m$tB?5C+sӥ=!v%\r\\$\0Nl	8;Q95A0}t#%&hO3t㋛{<X2C,jnbS`\0nke5+*EYfT})2\Z\n*CQTӬE䝜l~2P93\n!y:xH9d&@ ۟,O>Oh(γFqqS);)m~ÌZֺX k@\0>I0|Nqzk4	*a4fu,7WHG[sܳIe 3yP\r;ZBl}׶\0&Ӛh߽W>Z忄upYCQ$ѽJ2!}o$곿k-n駐Os.oRɸOXцۑA؆ޥ\Z¨PXpB\0Qf&_WY,&%ڊQ$7dwfس3c~qL1yꮞ:J<Z-cUi|,Y[Scj9[2ܞaO5Yz@C6/ͭlP\Z?+˴Qʆ*ϙWͨ\0Ps^VKLZ\rћtHy ;9M\\#48@#\\{ر]}n$?W*3y%#C;yvkX}+4V\Zہ#Y9 JvF6kn\0s\ZY!b}\rŹg\n6P3`%e_TpvB,.?Nqtx	T)4fWдD~A8s\Z};KV]^,}人	37zQ׸-c@qʕ)_=Ofg>˩#p|#aK!	&6Xv6`JLlPRf3AOUNMckpGq|ZJڟH_E,eWS+?|WrQ\Z8%\Zm:)7pV@9\\t\"4Mַ|wy2I* 	\\isỲk)\0=?[c梼X=<c?\'9$`yim݀qM02lann13\'ZaboӋiZ:$|+_qBA#[-0 _2Hk\0rl?Ͼ\ZDG<i 2p6#/װè/0Ee7\'eB	\rK}I\\t[\r{071r֪FP<H篾\"O#$1]llyǽIEuk~{au2Yn;4{OrgG(zʧR軶=<mmKrIOS3=@n1ch3Eih#-bon-n-}+5`|Қ~L)T}YcYO$PFy`	\\v܀=:XR!# RP؁=3y`i1lDj	[wmtΒcӢsOM$\rcKv͘W#8#B]znZ\Z q{0 yn㥂IsJ2Jר_\'23;[{⪽,a@.ZÁF\0)V`qQ<G$nnsc{n:*8iVG+8cY\0\0Cks7|V3&UB Ðۭ@1[WkiY3\r>c[rP6fcӯ{VjuL&v/:(\0)>ŽGɴm9KC([t۲b,;~XlW@ԜsR!x3j|\Z5fs*8%McAT@)m¤\'O%oŏ8r-̖j,~I?UF$p7Gd>Ͳ蜰%-kL\"x	\'vGj46[⺧G䒕sk_~1|D(~9)/h*q\n)B5cMj#D]ZFp8u9PZzj\'j7c#/2E&Ie51_ e1Ubբ\0|,9 T=jr(`	0:t[íS\r\Zths*w:K6>䟾\"k%bH-qwu+eIzmBni!pۭ[\0|wXzmCo{thDk30}&2;%[kI1k7>FWJG_\\$N૕{o)eQHN?Tx\ZeM(FȿR\\ؑ7]TN)E&KU-#y$ԫs!Elj>6b^=5Βɢɴu2ya+*S,G)tlQa\0ߊ~#(4%556Qd)IKh-;\'icv*	EHI\nDfoS:Ћ-Y{W}9o5c؟XES͗OSO$΀\"ȶ}$k:f۩\rs{ۚns``\'6̳:<g(0EtBI@ۧ\\_=AH>]	س{!g\0-\')siǲW\0\0&^[܋7ܪ&!Ut̑qfÀwɅeCA/^Wrn\r7Fڥ_\rn`GL(ѝRKEF}Ny>\r}#p56bZ8պJ)!sZa\r*=c\'IA5G)r&k_%G*QǼDr*<(.)܊jT$zv$ǘrFn4q\Z\"g1өX|GuX|\0P7]H $\":l$e@27`m>q˪?0FdOo(HNA_\"k-W\0*Yc,v\n} ָ5Tr婎\n첞iBCO#Ӻ1_\rE,7XqnǾC-2^H2ʌHT75{0Tb2J@?ak3[ȳX],`ݔ\ZԎGUMV+\'[[ůxD\0pTuY}v]md\nZǒHg*Pl[~-6xR\\$K7lW2ңŴ\0W\rkNH})x\nP=V7n^O*2;߿eeea#iÐ{[^@Rg?nߎ{,l}[lJyG]˸4㞘M	Kas#\\3i/?ܞF`\Zgl?AXʱ<(ҧ>p	cwe.eVO[}cSlQW\n}al;t>KKrSRL\Z*EqZg>5!j:Y@yPbkŊ:nEh\0hoV\0L=иo*}<\0ۯ^\0wA)>kx{or\"M#pQ4]kpGO8ʝ@\'B-{$tşT.+;l]uVCXAu&3mTz=1[Iv5?rV\0\ZЕpЧZo6΅Bȱbx׮5斲9B\n&q퇹+(00/^\0+a6&\Zki,-f,8rl;Tݏ\\7cq4NO*p3qn:ac&\rrxX\'6&]Wr\nW7ΌRo6)r\\O~TҌGVRbB:Z՚<!	{}qbU	w/X=o[jX^酋dq74̷tQAà\n9\Z+T湖w(vE 0Eؠ7#\\2*B]FDPB^&%߳52ەᦁWdٔYmQ4f2Y˔hc#ƾ\\$@n_vmKPnu\"*X\"!kbۖ*\'5q3.\">lo%JRCg|+!e-{^SP+V[%E*Ͼ,OJHu ^~\0<pFhf$d`?V^7;N]5_6u5/cejc,/r.8\' ?=dM]mix۾u66>q4ӴT[%!\r/{-,bMB\r?˞>1f{TlCd!JPfPTqPp[q?J<ƍ_^Y9-FjC$ǦVcaӧ=#ÜxetwOobb]elnr~\nYkN7nX|j\rtPvj9d{cmv[21|\ZvGp{bHPI\0F=~%m[P斎R*J6Kȶk*L,jw5@ģ=&\0r%\rBl\"I_4-` $OajyKH\0qf> *\r\0[T8\ZZ99/u;\Z@`ma1XdfO4mOYKFE~\0ʊ92,SԼe[\0!\'	VSvc)luAWŸ>h|	7nW$o\\\rizXi>fuhխ82R$I$mU|pjz2#<+<yj)݃a\0]AO[\Zx@bn	eylిNq`jyZBLws:Z\0M+X,ZU<[L9\\r$߾:בE@;9FO([ᅎBSr\\_ӘS)ωcJXZ]!E5B2\rA)lQ$]0iC`!{=|^.IURDLzVQHiQXTm Xߞ[<?c_ṣ9 \"_?ŧGKW5Krc&oUs\Z^IK c\'#XA\n>(/7(?\0cl?uh&͖eT5D$	qӎʪ+e?iG[IMKKOEJ\r-<,h5P\0\\p4*Y\0\0\\JGNYa>ӹwT[RrI%n\0LFo,@ycb;2L1jV/iB5L4[ܞ5TZ7/J\nW2Rǹ)KY C\03\n 댛s\\޹qVَwO?Fc+F	Gs.J%<;y/a4zÁܳ@Õdt-L\'|;0!0\nn?l1a3-*`9wra\Z^ܜBq=DSD(6;}xMي~[\0ͩ2gk3o$P0fqftFmOP\\2}{@SNHXym6dԨfgrB^g>AR-q:=S v@\0JyR\'e(Yߋ{u4?sTUYC,{zO[1ՙe>wz,(duTN\Z#0AL|~Y\0\\R	u52?@?87^k(4ng-@A0οD~Ԝce},RQh7>G6گP4dWyޥ>ACL_΋QOIY:	LCњ&\"ye$%II=a\0\Z*\r	\'IR:\0.~zu\rGA_d5l;Mfib$ӣ0[,/mN1ji9 Pe#*UKHv)z	Q2G*JyU*\nȥ){{{bv\0JkШ;l6#5\Z9r{ѿpGQ{ށͧ}GB \Z\r[_LQ[ߏDrE1G]F|^+d\'}BcpMǣ BG<I\nK)$g|,{{>br\0>餟c҉\noj[zrb0i3ݼu$Il,,h\0by5@4򸦓2JZua`69ם)h_9&WFp?;ݙc꤉>dql`$Аv\0@7)SON{NyZ9mG瓸^[zj雞QtϪuT@Yʎͪjږ&c\ZarĞ\0zDcf.F\nm`z_\\Q$\rVӵYᦚS+1##:s[e|eߺ`斠5[8s\0Aqo||ug~02|տhBy/vS?0xv5G{K)#U\\VˠzGGHMXͪ+2\nG@AVRaa`\0O)H\Z6Cd\Z*rꬿ7=ܒ7\\AAEI6UorH˭|y (J`#ytOY~[I-:fcaLgzOey~i]_T6Y<,[/kO~=[]:9\0pdgˈNO(*\\wt̫oR87ŁLTGrz{0qhM	2 F	I3`.G`xǚǑij,0IaR{;z~0A\ZܴBm5<IT;y}n^5&\Z)t{9lURU,5SGHkЏ$qsNp~J꧈vAU>&\0;dN',NULL),('82506',1,'process.bpmn20.xml','82505','<?xml version=\"1.0\" encoding=\"UTF-8\"?>\n<definitions xmlns=\"http://www.omg.org/spec/BPMN/20100524/MODEL\" xmlns:xsi=\"http://www.w3.org/2001/XMLSchema-instance\" xmlns:xsd=\"http://www.w3.org/2001/XMLSchema\" xmlns:activiti=\"http://activiti.org/bpmn\" xmlns:bpmndi=\"http://www.omg.org/spec/BPMN/20100524/DI\" xmlns:omgdc=\"http://www.omg.org/spec/DD/20100524/DC\" xmlns:omgdi=\"http://www.omg.org/spec/DD/20100524/DI\" typeLanguage=\"http://www.w3.org/2001/XMLSchema\" expressionLanguage=\"http://www.w3.org/1999/XPath\" targetNamespace=\"http://www.activiti.org/processdef\">\n  <process id=\"process\" isExecutable=\"true\">\n    <startEvent id=\"sid-824AAB71-4868-4CF5-940F-DC0441F37DBB\"></startEvent>\n    <exclusiveGateway id=\"sid-3E2C80CE-D6C7-414F-9360-ACE971A5D521\"></exclusiveGateway>\n    <sequenceFlow id=\"sid-ED26B6B6-CDB5-4B2D-968E-6F95C009E79E\" sourceRef=\"sid-824AAB71-4868-4CF5-940F-DC0441F37DBB\" targetRef=\"sid-3E2C80CE-D6C7-414F-9360-ACE971A5D521\"></sequenceFlow>\n    <userTask id=\"sid-0F2C513A-31D1-4D3D-BA2B-4C4DFB6DB4C4\"></userTask>\n    <sequenceFlow id=\"sid-E6C8592F-F700-4F2C-AB5F-8C09EBDD390C\" sourceRef=\"sid-3E2C80CE-D6C7-414F-9360-ACE971A5D521\" targetRef=\"sid-0F2C513A-31D1-4D3D-BA2B-4C4DFB6DB4C4\"></sequenceFlow>\n    <userTask id=\"sid-9DCE1851-A5DD-4287-84E7-3DF1B6D5978D\"></userTask>\n    <sequenceFlow id=\"sid-76BC6B3B-0ACB-4EE0-AA5C-D7415FAB842D\" sourceRef=\"sid-0F2C513A-31D1-4D3D-BA2B-4C4DFB6DB4C4\" targetRef=\"sid-9DCE1851-A5DD-4287-84E7-3DF1B6D5978D\"></sequenceFlow>\n    <exclusiveGateway id=\"sid-B8AD98C4-B2B5-42E1-BB08-E7318CDCD6C7\"></exclusiveGateway>\n    <sequenceFlow id=\"sid-651EA1AB-6B3D-469D-8FC9-2517A1862890\" sourceRef=\"sid-9DCE1851-A5DD-4287-84E7-3DF1B6D5978D\" targetRef=\"sid-B8AD98C4-B2B5-42E1-BB08-E7318CDCD6C7\"></sequenceFlow>\n    <endEvent id=\"sid-10FB91C2-8745-4417-B80C-B626C47B038C\"></endEvent>\n    <sequenceFlow id=\"sid-0E364879-0E8D-4683-82B0-B4AE690CA329\" sourceRef=\"sid-B8AD98C4-B2B5-42E1-BB08-E7318CDCD6C7\" targetRef=\"sid-3E2C80CE-D6C7-414F-9360-ACE971A5D521\">\n      <conditionExpression xsi:type=\"tFormalExpression\"><![CDATA[${agree == false}]]></conditionExpression>\n    </sequenceFlow>\n    <sequenceFlow id=\"sid-CAE99726-AFA5-46AC-AAA7-5EAD99FD62DA\" sourceRef=\"sid-B8AD98C4-B2B5-42E1-BB08-E7318CDCD6C7\" targetRef=\"sid-10FB91C2-8745-4417-B80C-B626C47B038C\">\n      <conditionExpression xsi:type=\"tFormalExpression\"><![CDATA[${agree == true }]]></conditionExpression>\n    </sequenceFlow>\n  </process>\n  <bpmndi:BPMNDiagram id=\"BPMNDiagram_process\">\n    <bpmndi:BPMNPlane bpmnElement=\"process\" id=\"BPMNPlane_process\">\n      <bpmndi:BPMNShape bpmnElement=\"sid-824AAB71-4868-4CF5-940F-DC0441F37DBB\" id=\"BPMNShape_sid-824AAB71-4868-4CF5-940F-DC0441F37DBB\">\n        <omgdc:Bounds height=\"30.0\" width=\"30.0\" x=\"47.5\" y=\"165.0\"></omgdc:Bounds>\n      </bpmndi:BPMNShape>\n      <bpmndi:BPMNShape bpmnElement=\"sid-3E2C80CE-D6C7-414F-9360-ACE971A5D521\" id=\"BPMNShape_sid-3E2C80CE-D6C7-414F-9360-ACE971A5D521\">\n        <omgdc:Bounds height=\"40.0\" width=\"40.0\" x=\"122.5\" y=\"160.0\"></omgdc:Bounds>\n      </bpmndi:BPMNShape>\n      <bpmndi:BPMNShape bpmnElement=\"sid-0F2C513A-31D1-4D3D-BA2B-4C4DFB6DB4C4\" id=\"BPMNShape_sid-0F2C513A-31D1-4D3D-BA2B-4C4DFB6DB4C4\">\n        <omgdc:Bounds height=\"80.0\" width=\"100.0\" x=\"207.5\" y=\"140.0\"></omgdc:Bounds>\n      </bpmndi:BPMNShape>\n      <bpmndi:BPMNShape bpmnElement=\"sid-9DCE1851-A5DD-4287-84E7-3DF1B6D5978D\" id=\"BPMNShape_sid-9DCE1851-A5DD-4287-84E7-3DF1B6D5978D\">\n        <omgdc:Bounds height=\"80.0\" width=\"100.0\" x=\"352.5\" y=\"140.0\"></omgdc:Bounds>\n      </bpmndi:BPMNShape>\n      <bpmndi:BPMNShape bpmnElement=\"sid-B8AD98C4-B2B5-42E1-BB08-E7318CDCD6C7\" id=\"BPMNShape_sid-B8AD98C4-B2B5-42E1-BB08-E7318CDCD6C7\">\n        <omgdc:Bounds height=\"40.0\" width=\"40.0\" x=\"382.5\" y=\"60.0\"></omgdc:Bounds>\n      </bpmndi:BPMNShape>\n      <bpmndi:BPMNShape bpmnElement=\"sid-10FB91C2-8745-4417-B80C-B626C47B038C\" id=\"BPMNShape_sid-10FB91C2-8745-4417-B80C-B626C47B038C\">\n        <omgdc:Bounds height=\"28.0\" width=\"28.0\" x=\"582.5\" y=\"166.0\"></omgdc:Bounds>\n      </bpmndi:BPMNShape>\n      <bpmndi:BPMNEdge bpmnElement=\"sid-76BC6B3B-0ACB-4EE0-AA5C-D7415FAB842D\" id=\"BPMNEdge_sid-76BC6B3B-0ACB-4EE0-AA5C-D7415FAB842D\">\n        <omgdi:waypoint x=\"307.5\" y=\"180.0\"></omgdi:waypoint>\n        <omgdi:waypoint x=\"352.5\" y=\"180.0\"></omgdi:waypoint>\n      </bpmndi:BPMNEdge>\n      <bpmndi:BPMNEdge bpmnElement=\"sid-651EA1AB-6B3D-469D-8FC9-2517A1862890\" id=\"BPMNEdge_sid-651EA1AB-6B3D-469D-8FC9-2517A1862890\">\n        <omgdi:waypoint x=\"402.70100502512565\" y=\"140.0\"></omgdi:waypoint>\n        <omgdi:waypoint x=\"402.9040404040404\" y=\"99.5959595959596\"></omgdi:waypoint>\n      </bpmndi:BPMNEdge>\n      <bpmndi:BPMNEdge bpmnElement=\"sid-E6C8592F-F700-4F2C-AB5F-8C09EBDD390C\" id=\"BPMNEdge_sid-E6C8592F-F700-4F2C-AB5F-8C09EBDD390C\">\n        <omgdi:waypoint x=\"162.08333333333334\" y=\"180.41666666666666\"></omgdi:waypoint>\n        <omgdi:waypoint x=\"207.5\" y=\"180.2183406113537\"></omgdi:waypoint>\n      </bpmndi:BPMNEdge>\n      <bpmndi:BPMNEdge bpmnElement=\"sid-0E364879-0E8D-4683-82B0-B4AE690CA329\" id=\"BPMNEdge_sid-0E364879-0E8D-4683-82B0-B4AE690CA329\">\n        <omgdi:waypoint x=\"383.0\" y=\"80.5\"></omgdi:waypoint>\n        <omgdi:waypoint x=\"142.5\" y=\"80.5\"></omgdi:waypoint>\n        <omgdi:waypoint x=\"142.5\" y=\"160.0\"></omgdi:waypoint>\n      </bpmndi:BPMNEdge>\n      <bpmndi:BPMNEdge bpmnElement=\"sid-ED26B6B6-CDB5-4B2D-968E-6F95C009E79E\" id=\"BPMNEdge_sid-ED26B6B6-CDB5-4B2D-968E-6F95C009E79E\">\n        <omgdi:waypoint x=\"77.49971066768252\" y=\"180.0931659047682\"></omgdi:waypoint>\n        <omgdi:waypoint x=\"122.875\" y=\"180.375\"></omgdi:waypoint>\n      </bpmndi:BPMNEdge>\n      <bpmndi:BPMNEdge bpmnElement=\"sid-CAE99726-AFA5-46AC-AAA7-5EAD99FD62DA\" id=\"BPMNEdge_sid-CAE99726-AFA5-46AC-AAA7-5EAD99FD62DA\">\n        <omgdi:waypoint x=\"422.0\" y=\"80.5\"></omgdi:waypoint>\n        <omgdi:waypoint x=\"596.5\" y=\"80.5\"></omgdi:waypoint>\n        <omgdi:waypoint x=\"596.5\" y=\"166.0\"></omgdi:waypoint>\n      </bpmndi:BPMNEdge>\n    </bpmndi:BPMNPlane>\n  </bpmndi:BPMNDiagram>\n</definitions>',0),('82507',1,'process.process.png','82505','PNG\r\n\Z\n\0\0\0\rIHDR\0\0l\0\0\0\0\0\0h!ٲ\0\0IDATxgN0v!jMB\rlVBB{II(FabVtYa\rdpDKk/dd\rF4vL:n{Kj=99[t:s:߷z\0\0\0\0\0\0\0\0\0\0\0\0\0\0\0\0\0\0\0\0\0\0\0\0\0\0\0\0\0\0\0\0\0\0\0\0\0\0\0\0\0\0\0\0\0\0\0\0\0\0\0\0\0\0\0\0\0\0\0\0\0\0\0\0\0\0\0\0\0\0\0\0\0\0\0\0\0\0\0\0\0\0\0\0\0\0\0\0\0\0\0\0\0\0\0\0\0\0\0\0\0\0\0\0\0\0\0\0\0\0\0\0\0\0\0\0\0\0\0\0\0\0\0\0\0\0\0\0\0\0\0\0\0\0\0\0\0\0\0\0\0\0M\0\0^_\0H\'1ůl\0RH3lB\0@:Z\0E\rBYu״\0bXk̴\0̂\'͜%y\0\0}B\0@:Z\0@n0\0\0P%dt6\06ax_|\0\0故y&m\'\01bV\ZCe\r\0`jj^hi\0AXOªfZehsz\0fCSЖ4>3m\0\0uZaVh{xa5m\0\0mkB۹Z?\0\0VJXmihDah0psbk,>F)L`gf:Uo-fAa\rd_gaIhs\r\"(LNHjvFM%\nh\"5\nKYKDÆ\nhW&\rmӲ/\Z5Ӗ	͆Aa	ӓUmC5k苠0B[+ɢgEP@T\rak/Rku7AauB[n}&fQ\\EP@z\ZiPEP@C[27/(iMAAa)mqS`\n%0_qa\r}&0jʹ9\r\nHqhAa)m[5E}	Wf-zAai5=0wGl\rEP@,>\rǄZ }&+-\nHqZi΍苠0v,kAa8<0V\Z.EP@\nVkqB_	_sv͵l苠0t5w/>\0\npL\0\0\npL\0\0(L1(L	8&}\0	8&}\0&\0&\0Pc@a	`@a	`\0	8&}\0	8&}\0&\0PcPc@a	`\0	8&}\0	8&}\0&\0&\0Pc@a	`@a	`\0	8&}\0	8&}\0&\0PcPc@a	`\09-G.^\'N|h߾}FÇ_Ǡ\Z	j}fF{ȑhll,}1Kc||<7ާԐ\ZB_@hSpo۷\Z2VC苠04UCFj}fM.U6RCFj}fw.uM#w٪!5\n3vrb$:o/~G#|/I\nljH\r/f{}і7_$65Aav={6I\nljH\r/f{fƚ6I\nljH\r/Bpw(jjH\r!c[/\rᎾZ6I\nljH\r!A;:ܹsnlk{j`[p<nf퍑/3{7<x*+^xMԐ\ZB`vckNqvfƥfAjjH\r!AfڵD֭±yTV&)!5m]fךkaGG5+ljH\rѓ	>ڵ<o֭hp{l~&M\r!z*Y=\"ϳkm3%\ZRCdZ=4ffD͔h\ZRCV/zi_lNVghKCԐ\ZBH\'1ů54[5,HmX+cakhl5[5	=5fhjH\rfRA(+Bl5[5 zBݻo߾_]bŝBCذ<L|6m\Z۶m֚qLf٪!5D>-^/^oq!7lST<M&Մ-[Y~ĪU?:qD422MMMEA:66}ю;sڷo&[G!C?/;5Duc_n58g֫wW_}ud͚5?0v޽YO֭[wVXK<c7ЦjjH\rq`fƑ~l?\r˖-~݉Z={DsжYX5[C`3000gko\rGW\\p3yGn:}UEh4۾}???>j˗/Gl^6c9!j\nkYA??W$v_~uov#6+|^܍7\"Ga]33=ӦjjH\ramӳi3޷vЖ^x/.]z]3kfXXyC(&QވjjH\rMkݰaӞ3Nn޼OsaWZu>\\Iᚶ+V\\xXW>GTlhL6VUCjl*	zfհV*fڎf!j+rΝ;Q^^xX+ΐEeVJc]ӦjjH\rɰ6wzܜ\Z_F+WW+DU_B[U5mfٞ]7t\'|Y/x;\nOJV\\!Zhk6Uﰍf٪!5DrEF0vƍdphŒs2a/_>>ꢐ4mi}!	N6\nMB[ҰV<6l5[5Ȗ㦦ݷ~y\"Vdzî\\xxT7ӯ+V}\ZC_IOK\nm05:3TlՐ\Z\"[g:<-;>}篍v5u\n1˾A\Zj\\aTlSVUCj}7T\nOD(;6\\]z{߷hѢ3gΪQJXKzz6uTlՐ\Z\"smk)zK|a_>|`裏z0zڹ[5|VmW6}V\rCy\"3lfiN%*<mܹةz3lITlՐ\Z&<sq\r7V&:s\rLB[/]6l5[5\\`s\r[\'\nǏޔ6a*AZKwTK4Ih땻DknSVUCj6wvBX/e۶m7>裉RgFՙF%}\"Bc}_6l5[5^[,Y2\',]FFV$n4좸IC[^߀ft!O<nӧOOƿD6_O0h6~,l<VUCj,m˖-,K/M3	,%_gZhJ0\'HE(0-[L{0OΝ;/w2ڵj{&NB[+ɢ|l5[58H,իWmڵk4\\QsΉ_=ىvҥoӣgȒ.QVl\rPCt=Wc6lrhamam2㹢B`]va-|^r2euѪnV\r!z\"Wn@(ʹhx_ZNVI\r\r={z;ŋϋ~خЖEq5[V\r=7\"<4`P~Z9qZر?ZaΝ_,ZZfl4ffOj\ZRC/Wc<p\0iٳp3< ,{E>lO&s+j&9BcǎIN<ynɒ%g<`J:C4[V\r!:nf=WO\r<888qcobSSS8}o\Z\Z6hHkqסͿ\ZrEif\\ѤrqWv)Sō^\r\nJÝmqSxf٪!5r>jjH\rL[Nj\ZRC\0r4[V\r!^m[4[V\r!׬E}9XClՐ\Ze?l5[5\0l\rPC\0h\Z26\0lՐ\Z@56C`@lՐ\Z@`36C\rjj\06CUCj\05f٪!5fhjH\rjj\0l5[5\0l\rPC\0h\Z26l;p&17ۻj[\rÇG4q=\0\rCxڵfoV$4W<RCFj&y_©p^njH\r\0\0\0\0\0\0\0\0\0\0\0\0\0\0\0\0\0\0\0\0\0yS9sx\0\0\0\0IENDB`',1);

/*Table structure for table `act_ge_property` */

DROP TABLE IF EXISTS `act_ge_property`;

CREATE TABLE `act_ge_property` (
  `NAME_` varchar(64) COLLATE utf8_bin NOT NULL DEFAULT '',
  `VALUE_` varchar(300) COLLATE utf8_bin DEFAULT NULL,
  `REV_` int(11) DEFAULT NULL,
  PRIMARY KEY (`NAME_`)
) ENGINE=InnoDB DEFAULT CHARSET=utf8 COLLATE=utf8_bin;

/*Data for the table `act_ge_property` */

insert  into `act_ge_property`(`NAME_`,`VALUE_`,`REV_`) values ('next.dbid','105001',43),('schema.history','create(5.22.0.0)',1),('schema.version','5.22.0.0',1);

/*Table structure for table `act_hi_actinst` */

DROP TABLE IF EXISTS `act_hi_actinst`;

CREATE TABLE `act_hi_actinst` (
  `ID_` varchar(64) COLLATE utf8_bin NOT NULL,
  `PROC_DEF_ID_` varchar(64) COLLATE utf8_bin NOT NULL,
  `PROC_INST_ID_` varchar(64) COLLATE utf8_bin NOT NULL,
  `EXECUTION_ID_` varchar(64) COLLATE utf8_bin NOT NULL,
  `ACT_ID_` varchar(255) COLLATE utf8_bin NOT NULL,
  `TASK_ID_` varchar(64) COLLATE utf8_bin DEFAULT NULL,
  `CALL_PROC_INST_ID_` varchar(64) COLLATE utf8_bin DEFAULT NULL,
  `ACT_NAME_` varchar(255) COLLATE utf8_bin DEFAULT NULL,
  `ACT_TYPE_` varchar(255) COLLATE utf8_bin NOT NULL,
  `ASSIGNEE_` varchar(255) COLLATE utf8_bin DEFAULT NULL,
  `START_TIME_` datetime(3) NOT NULL,
  `END_TIME_` datetime(3) DEFAULT NULL,
  `DURATION_` bigint(20) DEFAULT NULL,
  `TENANT_ID_` varchar(255) COLLATE utf8_bin DEFAULT '',
  PRIMARY KEY (`ID_`),
  KEY `ACT_IDX_HI_ACT_INST_START` (`START_TIME_`),
  KEY `ACT_IDX_HI_ACT_INST_END` (`END_TIME_`),
  KEY `ACT_IDX_HI_ACT_INST_PROCINST` (`PROC_INST_ID_`,`ACT_ID_`),
  KEY `ACT_IDX_HI_ACT_INST_EXEC` (`EXECUTION_ID_`,`ACT_ID_`)
) ENGINE=InnoDB DEFAULT CHARSET=utf8 COLLATE=utf8_bin;

/*Data for the table `act_hi_actinst` */

insert  into `act_hi_actinst`(`ID_`,`PROC_DEF_ID_`,`PROC_INST_ID_`,`EXECUTION_ID_`,`ACT_ID_`,`TASK_ID_`,`CALL_PROC_INST_ID_`,`ACT_NAME_`,`ACT_TYPE_`,`ASSIGNEE_`,`START_TIME_`,`END_TIME_`,`DURATION_`,`TENANT_ID_`) values ('100002','process:1:82508','100001','100001','sid-824AAB71-4868-4CF5-940F-DC0441F37DBB',NULL,NULL,NULL,'startEvent',NULL,'2019-01-26 14:12:20.000','2019-01-26 14:12:20.000',17,''),('100003','process:1:82508','100001','100001','sid-3E2C80CE-D6C7-414F-9360-ACE971A5D521',NULL,NULL,NULL,'exclusiveGateway',NULL,'2019-01-26 14:12:20.000','2019-01-26 14:12:20.000',0,''),('100004','process:1:82508','100001','100001','sid-0F2C513A-31D1-4D3D-BA2B-4C4DFB6DB4C4','100005',NULL,NULL,'userTask','1','2019-01-26 14:12:20.000','2019-01-26 14:12:20.000',99,''),('100007','process:1:82508','100001','100001','sid-9DCE1851-A5DD-4287-84E7-3DF1B6D5978D','100008',NULL,NULL,'userTask','8','2019-01-26 14:12:20.000','2019-01-26 14:13:03.000',43606,''),('100012','process:1:82508','100001','100001','sid-B8AD98C4-B2B5-42E1-BB08-E7318CDCD6C7',NULL,NULL,NULL,'exclusiveGateway',NULL,'2019-01-26 14:13:03.000','2019-01-26 14:13:03.000',25,''),('100013','process:1:82508','100001','100001','sid-3E2C80CE-D6C7-414F-9360-ACE971A5D521',NULL,NULL,NULL,'exclusiveGateway',NULL,'2019-01-26 14:13:03.000','2019-01-26 14:13:03.000',0,''),('100014','process:1:82508','100001','100001','sid-0F2C513A-31D1-4D3D-BA2B-4C4DFB6DB4C4','100015',NULL,NULL,'userTask','1','2019-01-26 14:13:03.000','2019-01-26 14:15:12.000',129937,''),('100016','process:1:82508','100001','100001','sid-9DCE1851-A5DD-4287-84E7-3DF1B6D5978D','100017',NULL,NULL,'userTask','6','2019-01-26 14:15:12.000',NULL,NULL,''),('100020','process:1:82508','100019','100019','sid-824AAB71-4868-4CF5-940F-DC0441F37DBB',NULL,NULL,NULL,'startEvent',NULL,'2019-01-26 14:16:35.000','2019-01-26 14:16:35.000',1,''),('100021','process:1:82508','100019','100019','sid-3E2C80CE-D6C7-414F-9360-ACE971A5D521',NULL,NULL,NULL,'exclusiveGateway',NULL,'2019-01-26 14:16:35.000','2019-01-26 14:16:35.000',0,''),('100022','process:1:82508','100019','100019','sid-0F2C513A-31D1-4D3D-BA2B-4C4DFB6DB4C4','100023',NULL,NULL,'userTask','22','2019-01-26 14:16:35.000','2019-01-26 14:16:35.000',972,''),('100025','process:1:82508','100019','100019','sid-9DCE1851-A5DD-4287-84E7-3DF1B6D5978D','100026',NULL,NULL,'userTask','6','2019-01-26 14:16:35.000',NULL,NULL,''),('100029','process:1:82508','100028','100028','sid-824AAB71-4868-4CF5-940F-DC0441F37DBB',NULL,NULL,NULL,'startEvent',NULL,'2019-01-26 14:16:49.000','2019-01-26 14:16:49.000',1,''),('100030','process:1:82508','100028','100028','sid-3E2C80CE-D6C7-414F-9360-ACE971A5D521',NULL,NULL,NULL,'exclusiveGateway',NULL,'2019-01-26 14:16:49.000','2019-01-26 14:16:49.000',0,''),('100031','process:1:82508','100028','100028','sid-0F2C513A-31D1-4D3D-BA2B-4C4DFB6DB4C4','100032',NULL,NULL,'userTask','22','2019-01-26 14:16:49.000','2019-01-26 14:16:49.000',113,''),('100034','process:1:82508','100028','100028','sid-9DCE1851-A5DD-4287-84E7-3DF1B6D5978D','100035',NULL,NULL,'userTask','6','2019-01-26 14:16:49.000',NULL,NULL,''),('100038','process:1:82508','100037','100037','sid-824AAB71-4868-4CF5-940F-DC0441F37DBB',NULL,NULL,NULL,'startEvent',NULL,'2019-01-26 14:16:57.000','2019-01-26 14:16:57.000',1,''),('100039','process:1:82508','100037','100037','sid-3E2C80CE-D6C7-414F-9360-ACE971A5D521',NULL,NULL,NULL,'exclusiveGateway',NULL,'2019-01-26 14:16:57.000','2019-01-26 14:16:57.000',0,''),('100040','process:1:82508','100037','100037','sid-0F2C513A-31D1-4D3D-BA2B-4C4DFB6DB4C4','100041',NULL,NULL,'userTask','22','2019-01-26 14:16:57.000','2019-01-26 14:16:57.000',462,''),('100043','process:1:82508','100037','100037','sid-9DCE1851-A5DD-4287-84E7-3DF1B6D5978D','100044',NULL,NULL,'userTask','6','2019-01-26 14:16:57.000',NULL,NULL,''),('100047','process:1:82508','100046','100046','sid-824AAB71-4868-4CF5-940F-DC0441F37DBB',NULL,NULL,NULL,'startEvent',NULL,'2019-01-26 14:17:04.000','2019-01-26 14:17:04.000',1,''),('100048','process:1:82508','100046','100046','sid-3E2C80CE-D6C7-414F-9360-ACE971A5D521',NULL,NULL,NULL,'exclusiveGateway',NULL,'2019-01-26 14:17:04.000','2019-01-26 14:17:04.000',0,''),('100049','process:1:82508','100046','100046','sid-0F2C513A-31D1-4D3D-BA2B-4C4DFB6DB4C4','100050',NULL,NULL,'userTask','22','2019-01-26 14:17:04.000','2019-01-26 14:17:04.000',666,''),('100052','process:1:82508','100046','100046','sid-9DCE1851-A5DD-4287-84E7-3DF1B6D5978D','100053',NULL,NULL,'userTask','6','2019-01-26 14:17:04.000',NULL,NULL,''),('100056','process:1:82508','100055','100055','sid-824AAB71-4868-4CF5-940F-DC0441F37DBB',NULL,NULL,NULL,'startEvent',NULL,'2019-01-26 14:17:11.000','2019-01-26 14:17:11.000',1,''),('100057','process:1:82508','100055','100055','sid-3E2C80CE-D6C7-414F-9360-ACE971A5D521',NULL,NULL,NULL,'exclusiveGateway',NULL,'2019-01-26 14:17:11.000','2019-01-26 14:17:11.000',0,''),('100058','process:1:82508','100055','100055','sid-0F2C513A-31D1-4D3D-BA2B-4C4DFB6DB4C4','100059',NULL,NULL,'userTask','22','2019-01-26 14:17:11.000','2019-01-26 14:17:11.000',135,''),('100061','process:1:82508','100055','100055','sid-9DCE1851-A5DD-4287-84E7-3DF1B6D5978D','100062',NULL,NULL,'userTask','6','2019-01-26 14:17:11.000',NULL,NULL,''),('100065','process:1:82508','100064','100064','sid-824AAB71-4868-4CF5-940F-DC0441F37DBB',NULL,NULL,NULL,'startEvent',NULL,'2019-01-26 14:17:23.000','2019-01-26 14:17:23.000',0,''),('100066','process:1:82508','100064','100064','sid-3E2C80CE-D6C7-414F-9360-ACE971A5D521',NULL,NULL,NULL,'exclusiveGateway',NULL,'2019-01-26 14:17:23.000','2019-01-26 14:17:23.000',0,''),('100067','process:1:82508','100064','100064','sid-0F2C513A-31D1-4D3D-BA2B-4C4DFB6DB4C4','100068',NULL,NULL,'userTask','22','2019-01-26 14:17:23.000','2019-01-26 14:17:23.000',98,''),('100070','process:1:82508','100064','100064','sid-9DCE1851-A5DD-4287-84E7-3DF1B6D5978D','100071',NULL,NULL,'userTask','6','2019-01-26 14:17:23.000',NULL,NULL,''),('100074','process:1:82508','100073','100073','sid-824AAB71-4868-4CF5-940F-DC0441F37DBB',NULL,NULL,NULL,'startEvent',NULL,'2019-01-26 14:17:32.000','2019-01-26 14:17:32.000',1,''),('100075','process:1:82508','100073','100073','sid-3E2C80CE-D6C7-414F-9360-ACE971A5D521',NULL,NULL,NULL,'exclusiveGateway',NULL,'2019-01-26 14:17:32.000','2019-01-26 14:17:32.000',0,''),('100076','process:1:82508','100073','100073','sid-0F2C513A-31D1-4D3D-BA2B-4C4DFB6DB4C4','100077',NULL,NULL,'userTask','22','2019-01-26 14:17:32.000','2019-01-26 14:17:33.000',1007,''),('100079','process:1:82508','100073','100073','sid-9DCE1851-A5DD-4287-84E7-3DF1B6D5978D','100080',NULL,NULL,'userTask','6','2019-01-26 14:17:33.000','2019-01-26 14:19:46.000',133051,''),('100083','process:1:82508','100082','100082','sid-824AAB71-4868-4CF5-940F-DC0441F37DBB',NULL,NULL,NULL,'startEvent',NULL,'2019-01-26 14:17:40.000','2019-01-26 14:17:40.000',1,''),('100084','process:1:82508','100082','100082','sid-3E2C80CE-D6C7-414F-9360-ACE971A5D521',NULL,NULL,NULL,'exclusiveGateway',NULL,'2019-01-26 14:17:40.000','2019-01-26 14:17:40.000',0,''),('100085','process:1:82508','100082','100082','sid-0F2C513A-31D1-4D3D-BA2B-4C4DFB6DB4C4','100086',NULL,NULL,'userTask','22','2019-01-26 14:17:40.000','2019-01-26 14:17:40.000',706,''),('100088','process:1:82508','100082','100082','sid-9DCE1851-A5DD-4287-84E7-3DF1B6D5978D','100089',NULL,NULL,'userTask','6','2019-01-26 14:17:40.000',NULL,NULL,''),('100092','process:1:82508','100091','100091','sid-824AAB71-4868-4CF5-940F-DC0441F37DBB',NULL,NULL,NULL,'startEvent',NULL,'2019-01-26 14:17:47.000','2019-01-26 14:17:47.000',1,''),('100093','process:1:82508','100091','100091','sid-3E2C80CE-D6C7-414F-9360-ACE971A5D521',NULL,NULL,NULL,'exclusiveGateway',NULL,'2019-01-26 14:17:47.000','2019-01-26 14:17:47.000',0,''),('100094','process:1:82508','100091','100091','sid-0F2C513A-31D1-4D3D-BA2B-4C4DFB6DB4C4','100095',NULL,NULL,'userTask','22','2019-01-26 14:17:47.000','2019-01-26 14:17:47.000',626,''),('100097','process:1:82508','100091','100091','sid-9DCE1851-A5DD-4287-84E7-3DF1B6D5978D','100098',NULL,NULL,'userTask','6','2019-01-26 14:17:47.000',NULL,NULL,''),('100101','process:1:82508','100100','100100','sid-824AAB71-4868-4CF5-940F-DC0441F37DBB',NULL,NULL,NULL,'startEvent',NULL,'2019-01-26 14:17:55.000','2019-01-26 14:17:55.000',1,''),('100102','process:1:82508','100100','100100','sid-3E2C80CE-D6C7-414F-9360-ACE971A5D521',NULL,NULL,NULL,'exclusiveGateway',NULL,'2019-01-26 14:17:55.000','2019-01-26 14:17:55.000',0,''),('100103','process:1:82508','100100','100100','sid-0F2C513A-31D1-4D3D-BA2B-4C4DFB6DB4C4','100104',NULL,NULL,'userTask','22','2019-01-26 14:17:55.000','2019-01-26 14:17:55.000',612,''),('100106','process:1:82508','100100','100100','sid-9DCE1851-A5DD-4287-84E7-3DF1B6D5978D','100107',NULL,NULL,'userTask','6','2019-01-26 14:17:55.000','2019-01-26 14:19:44.000',109585,''),('100110','process:1:82508','100109','100109','sid-824AAB71-4868-4CF5-940F-DC0441F37DBB',NULL,NULL,NULL,'startEvent',NULL,'2019-01-26 14:18:04.000','2019-01-26 14:18:04.000',1,''),('100111','process:1:82508','100109','100109','sid-3E2C80CE-D6C7-414F-9360-ACE971A5D521',NULL,NULL,NULL,'exclusiveGateway',NULL,'2019-01-26 14:18:04.000','2019-01-26 14:18:04.000',0,''),('100112','process:1:82508','100109','100109','sid-0F2C513A-31D1-4D3D-BA2B-4C4DFB6DB4C4','100113',NULL,NULL,'userTask','22','2019-01-26 14:18:04.000','2019-01-26 14:18:04.000',40,''),('100115','process:1:82508','100109','100109','sid-9DCE1851-A5DD-4287-84E7-3DF1B6D5978D','100116',NULL,NULL,'userTask','6','2019-01-26 14:18:04.000','2019-01-26 14:19:45.000',101316,''),('100119','process:1:82508','100118','100118','sid-824AAB71-4868-4CF5-940F-DC0441F37DBB',NULL,NULL,NULL,'startEvent',NULL,'2019-01-26 14:18:12.000','2019-01-26 14:18:12.000',1,''),('100120','process:1:82508','100118','100118','sid-3E2C80CE-D6C7-414F-9360-ACE971A5D521',NULL,NULL,NULL,'exclusiveGateway',NULL,'2019-01-26 14:18:12.000','2019-01-26 14:18:12.000',0,''),('100121','process:1:82508','100118','100118','sid-0F2C513A-31D1-4D3D-BA2B-4C4DFB6DB4C4','100122',NULL,NULL,'userTask','22','2019-01-26 14:18:12.000','2019-01-26 14:18:12.000',61,''),('100124','process:1:82508','100118','100118','sid-9DCE1851-A5DD-4287-84E7-3DF1B6D5978D','100125',NULL,NULL,'userTask','6','2019-01-26 14:18:12.000',NULL,NULL,''),('102502','process:1:82508','102501','102501','sid-824AAB71-4868-4CF5-940F-DC0441F37DBB',NULL,NULL,NULL,'startEvent',NULL,'2019-01-26 15:46:04.000','2019-01-26 15:46:04.000',18,''),('102503','process:1:82508','102501','102501','sid-3E2C80CE-D6C7-414F-9360-ACE971A5D521',NULL,NULL,NULL,'exclusiveGateway',NULL,'2019-01-26 15:46:04.000','2019-01-26 15:46:04.000',0,''),('102504','process:1:82508','102501','102501','sid-0F2C513A-31D1-4D3D-BA2B-4C4DFB6DB4C4','102505',NULL,NULL,'userTask','1','2019-01-26 15:46:04.000','2019-01-26 15:46:04.000',880,''),('102507','process:1:82508','102501','102501','sid-9DCE1851-A5DD-4287-84E7-3DF1B6D5978D','102508',NULL,NULL,'userTask','6','2019-01-26 15:46:04.000',NULL,NULL,''),('92644','process:1:82508','92643','92643','sid-824AAB71-4868-4CF5-940F-DC0441F37DBB',NULL,NULL,NULL,'startEvent',NULL,'2019-01-26 13:29:01.000','2019-01-26 13:29:01.000',0,''),('92645','process:1:82508','92643','92643','sid-3E2C80CE-D6C7-414F-9360-ACE971A5D521',NULL,NULL,NULL,'exclusiveGateway',NULL,'2019-01-26 13:29:01.000','2019-01-26 13:29:01.000',0,''),('92646','process:1:82508','92643','92643','sid-0F2C513A-31D1-4D3D-BA2B-4C4DFB6DB4C4','92647',NULL,NULL,'userTask','22','2019-01-26 13:29:01.000','2019-01-26 13:29:01.000',565,''),('92649','process:1:82508','92643','92643','sid-9DCE1851-A5DD-4287-84E7-3DF1B6D5978D','92650',NULL,NULL,'userTask','9','2019-01-26 13:29:01.000','2019-01-26 13:30:53.000',112291,''),('95003','process:1:82508','92643','92643','sid-B8AD98C4-B2B5-42E1-BB08-E7318CDCD6C7',NULL,NULL,NULL,'exclusiveGateway',NULL,'2019-01-26 13:30:53.000','2019-01-26 13:30:53.000',18,''),('95004','process:1:82508','92643','92643','sid-10FB91C2-8745-4417-B80C-B626C47B038C',NULL,NULL,NULL,'endEvent',NULL,'2019-01-26 13:30:53.000','2019-01-26 13:30:53.000',0,''),('95006','process:1:82508','95005','95005','sid-824AAB71-4868-4CF5-940F-DC0441F37DBB',NULL,NULL,NULL,'startEvent',NULL,'2019-01-26 13:32:00.000','2019-01-26 13:32:00.000',3,''),('95007','process:1:82508','95005','95005','sid-3E2C80CE-D6C7-414F-9360-ACE971A5D521',NULL,NULL,NULL,'exclusiveGateway',NULL,'2019-01-26 13:32:00.000','2019-01-26 13:32:00.000',0,''),('95008','process:1:82508','95005','95005','sid-0F2C513A-31D1-4D3D-BA2B-4C4DFB6DB4C4','95009',NULL,NULL,'userTask','22','2019-01-26 13:32:00.000','2019-01-26 13:32:00.000',115,''),('95011','process:1:82508','95005','95005','sid-9DCE1851-A5DD-4287-84E7-3DF1B6D5978D','95012',NULL,NULL,'userTask','9','2019-01-26 13:32:00.000','2019-01-26 13:36:08.000',248805,''),('95015','process:1:82508','95014','95014','sid-824AAB71-4868-4CF5-940F-DC0441F37DBB',NULL,NULL,NULL,'startEvent',NULL,'2019-01-26 13:32:34.000','2019-01-26 13:32:34.000',1,''),('95016','process:1:82508','95014','95014','sid-3E2C80CE-D6C7-414F-9360-ACE971A5D521',NULL,NULL,NULL,'exclusiveGateway',NULL,'2019-01-26 13:32:34.000','2019-01-26 13:32:34.000',0,''),('95017','process:1:82508','95014','95014','sid-0F2C513A-31D1-4D3D-BA2B-4C4DFB6DB4C4','95018',NULL,NULL,'userTask','22','2019-01-26 13:32:34.000','2019-01-26 13:32:34.000',71,''),('95020','process:1:82508','95014','95014','sid-9DCE1851-A5DD-4287-84E7-3DF1B6D5978D','95021',NULL,NULL,'userTask','9','2019-01-26 13:32:34.000','2019-01-26 13:36:12.000',218025,''),('95024','process:1:82508','95023','95023','sid-824AAB71-4868-4CF5-940F-DC0441F37DBB',NULL,NULL,NULL,'startEvent',NULL,'2019-01-26 13:32:54.000','2019-01-26 13:32:54.000',2,''),('95025','process:1:82508','95023','95023','sid-3E2C80CE-D6C7-414F-9360-ACE971A5D521',NULL,NULL,NULL,'exclusiveGateway',NULL,'2019-01-26 13:32:54.000','2019-01-26 13:32:54.000',0,''),('95026','process:1:82508','95023','95023','sid-0F2C513A-31D1-4D3D-BA2B-4C4DFB6DB4C4','95027',NULL,NULL,'userTask','22','2019-01-26 13:32:54.000','2019-01-26 13:32:54.000',513,''),('95029','process:1:82508','95023','95023','sid-9DCE1851-A5DD-4287-84E7-3DF1B6D5978D','95030',NULL,NULL,'userTask','9','2019-01-26 13:32:54.000','2019-01-26 13:35:49.000',175260,''),('95033','process:1:82508','95032','95032','sid-824AAB71-4868-4CF5-940F-DC0441F37DBB',NULL,NULL,NULL,'startEvent',NULL,'2019-01-26 13:33:05.000','2019-01-26 13:33:05.000',1,''),('95034','process:1:82508','95032','95032','sid-3E2C80CE-D6C7-414F-9360-ACE971A5D521',NULL,NULL,NULL,'exclusiveGateway',NULL,'2019-01-26 13:33:05.000','2019-01-26 13:33:05.000',0,''),('95035','process:1:82508','95032','95032','sid-0F2C513A-31D1-4D3D-BA2B-4C4DFB6DB4C4','95036',NULL,NULL,'userTask','22','2019-01-26 13:33:05.000','2019-01-26 13:33:05.000',262,''),('95038','process:1:82508','95032','95032','sid-9DCE1851-A5DD-4287-84E7-3DF1B6D5978D','95039',NULL,NULL,'userTask','9','2019-01-26 13:33:05.000','2019-01-26 13:36:14.000',189722,''),('95042','process:1:82508','95041','95041','sid-824AAB71-4868-4CF5-940F-DC0441F37DBB',NULL,NULL,NULL,'startEvent',NULL,'2019-01-26 13:33:15.000','2019-01-26 13:33:15.000',1,''),('95043','process:1:82508','95041','95041','sid-3E2C80CE-D6C7-414F-9360-ACE971A5D521',NULL,NULL,NULL,'exclusiveGateway',NULL,'2019-01-26 13:33:15.000','2019-01-26 13:33:15.000',0,''),('95044','process:1:82508','95041','95041','sid-0F2C513A-31D1-4D3D-BA2B-4C4DFB6DB4C4','95045',NULL,NULL,'userTask','22','2019-01-26 13:33:15.000','2019-01-26 13:33:15.000',847,''),('95047','process:1:82508','95041','95041','sid-9DCE1851-A5DD-4287-84E7-3DF1B6D5978D','95048',NULL,NULL,'userTask','9','2019-01-26 13:33:15.000','2019-01-26 13:35:35.000',140550,''),('95051','process:1:82508','95050','95050','sid-824AAB71-4868-4CF5-940F-DC0441F37DBB',NULL,NULL,NULL,'startEvent',NULL,'2019-01-26 13:33:27.000','2019-01-26 13:33:27.000',1,''),('95052','process:1:82508','95050','95050','sid-3E2C80CE-D6C7-414F-9360-ACE971A5D521',NULL,NULL,NULL,'exclusiveGateway',NULL,'2019-01-26 13:33:27.000','2019-01-26 13:33:27.000',0,''),('95053','process:1:82508','95050','95050','sid-0F2C513A-31D1-4D3D-BA2B-4C4DFB6DB4C4','95054',NULL,NULL,'userTask','22','2019-01-26 13:33:27.000','2019-01-26 13:33:27.000',247,''),('95056','process:1:82508','95050','95050','sid-9DCE1851-A5DD-4287-84E7-3DF1B6D5978D','95057',NULL,NULL,'userTask','9','2019-01-26 13:33:27.000','2019-01-26 13:35:57.000',150120,''),('95060','process:1:82508','95059','95059','sid-824AAB71-4868-4CF5-940F-DC0441F37DBB',NULL,NULL,NULL,'startEvent',NULL,'2019-01-26 13:33:42.000','2019-01-26 13:33:42.000',1,''),('95061','process:1:82508','95059','95059','sid-3E2C80CE-D6C7-414F-9360-ACE971A5D521',NULL,NULL,NULL,'exclusiveGateway',NULL,'2019-01-26 13:33:42.000','2019-01-26 13:33:42.000',0,''),('95062','process:1:82508','95059','95059','sid-0F2C513A-31D1-4D3D-BA2B-4C4DFB6DB4C4','95063',NULL,NULL,'userTask','22','2019-01-26 13:33:42.000','2019-01-26 13:33:42.000',472,''),('95065','process:1:82508','95059','95059','sid-9DCE1851-A5DD-4287-84E7-3DF1B6D5978D','95066',NULL,NULL,'userTask','9','2019-01-26 13:33:42.000','2019-01-26 13:36:03.000',141943,''),('95069','process:1:82508','95068','95068','sid-824AAB71-4868-4CF5-940F-DC0441F37DBB',NULL,NULL,NULL,'startEvent',NULL,'2019-01-26 13:34:05.000','2019-01-26 13:34:05.000',1,''),('95070','process:1:82508','95068','95068','sid-3E2C80CE-D6C7-414F-9360-ACE971A5D521',NULL,NULL,NULL,'exclusiveGateway',NULL,'2019-01-26 13:34:05.000','2019-01-26 13:34:05.000',0,''),('95071','process:1:82508','95068','95068','sid-0F2C513A-31D1-4D3D-BA2B-4C4DFB6DB4C4','95072',NULL,NULL,'userTask','22','2019-01-26 13:34:05.000','2019-01-26 13:34:05.000',104,''),('95074','process:1:82508','95068','95068','sid-9DCE1851-A5DD-4287-84E7-3DF1B6D5978D','95075',NULL,NULL,'userTask','9','2019-01-26 13:34:05.000','2019-01-26 13:35:46.000',101492,''),('95078','process:1:82508','95077','95077','sid-824AAB71-4868-4CF5-940F-DC0441F37DBB',NULL,NULL,NULL,'startEvent',NULL,'2019-01-26 13:34:16.000','2019-01-26 13:34:16.000',0,''),('95079','process:1:82508','95077','95077','sid-3E2C80CE-D6C7-414F-9360-ACE971A5D521',NULL,NULL,NULL,'exclusiveGateway',NULL,'2019-01-26 13:34:16.000','2019-01-26 13:34:16.000',0,''),('95080','process:1:82508','95077','95077','sid-0F2C513A-31D1-4D3D-BA2B-4C4DFB6DB4C4','95081',NULL,NULL,'userTask','22','2019-01-26 13:34:16.000','2019-01-26 13:34:16.000',221,''),('95083','process:1:82508','95077','95077','sid-9DCE1851-A5DD-4287-84E7-3DF1B6D5978D','95084',NULL,NULL,'userTask','9','2019-01-26 13:34:16.000','2019-01-26 13:36:01.000',105014,''),('95087','process:1:82508','95086','95086','sid-824AAB71-4868-4CF5-940F-DC0441F37DBB',NULL,NULL,NULL,'startEvent',NULL,'2019-01-26 13:34:30.000','2019-01-26 13:34:30.000',1,''),('95088','process:1:82508','95086','95086','sid-3E2C80CE-D6C7-414F-9360-ACE971A5D521',NULL,NULL,NULL,'exclusiveGateway',NULL,'2019-01-26 13:34:30.000','2019-01-26 13:34:30.000',0,''),('95089','process:1:82508','95086','95086','sid-0F2C513A-31D1-4D3D-BA2B-4C4DFB6DB4C4','95090',NULL,NULL,'userTask','22','2019-01-26 13:34:30.000','2019-01-26 13:34:30.000',424,''),('95092','process:1:82508','95086','95086','sid-9DCE1851-A5DD-4287-84E7-3DF1B6D5978D','95093',NULL,NULL,'userTask','9','2019-01-26 13:34:30.000','2019-01-26 13:35:54.000',84585,''),('95096','process:1:82508','95095','95095','sid-824AAB71-4868-4CF5-940F-DC0441F37DBB',NULL,NULL,NULL,'startEvent',NULL,'2019-01-26 13:34:48.000','2019-01-26 13:34:48.000',1,''),('95097','process:1:82508','95095','95095','sid-3E2C80CE-D6C7-414F-9360-ACE971A5D521',NULL,NULL,NULL,'exclusiveGateway',NULL,'2019-01-26 13:34:48.000','2019-01-26 13:34:48.000',0,''),('95098','process:1:82508','95095','95095','sid-0F2C513A-31D1-4D3D-BA2B-4C4DFB6DB4C4','95099',NULL,NULL,'userTask','22','2019-01-26 13:34:48.000','2019-01-26 13:34:48.000',745,''),('95101','process:1:82508','95095','95095','sid-9DCE1851-A5DD-4287-84E7-3DF1B6D5978D','95102',NULL,NULL,'userTask','9','2019-01-26 13:34:48.000','2019-01-26 13:35:51.000',63948,''),('95106','process:1:82508','95041','95041','sid-B8AD98C4-B2B5-42E1-BB08-E7318CDCD6C7',NULL,NULL,NULL,'exclusiveGateway',NULL,'2019-01-26 13:35:35.000','2019-01-26 13:35:35.000',1,''),('95107','process:1:82508','95041','95041','sid-3E2C80CE-D6C7-414F-9360-ACE971A5D521',NULL,NULL,NULL,'exclusiveGateway',NULL,'2019-01-26 13:35:35.000','2019-01-26 13:35:35.000',0,''),('95108','process:1:82508','95041','95041','sid-0F2C513A-31D1-4D3D-BA2B-4C4DFB6DB4C4','95109',NULL,NULL,'userTask','22','2019-01-26 13:35:35.000','2019-01-26 13:43:20.000',465347,''),('95112','process:1:82508','95068','95068','sid-B8AD98C4-B2B5-42E1-BB08-E7318CDCD6C7',NULL,NULL,NULL,'exclusiveGateway',NULL,'2019-01-26 13:35:46.000','2019-01-26 13:35:46.000',0,''),('95113','process:1:82508','95068','95068','sid-3E2C80CE-D6C7-414F-9360-ACE971A5D521',NULL,NULL,NULL,'exclusiveGateway',NULL,'2019-01-26 13:35:46.000','2019-01-26 13:35:46.000',1,''),('95114','process:1:82508','95068','95068','sid-0F2C513A-31D1-4D3D-BA2B-4C4DFB6DB4C4','95115',NULL,NULL,'userTask','22','2019-01-26 13:35:46.000','2019-01-26 13:38:50.000',184352,''),('95118','process:1:82508','95023','95023','sid-B8AD98C4-B2B5-42E1-BB08-E7318CDCD6C7',NULL,NULL,NULL,'exclusiveGateway',NULL,'2019-01-26 13:35:49.000','2019-01-26 13:35:49.000',0,''),('95119','process:1:82508','95023','95023','sid-3E2C80CE-D6C7-414F-9360-ACE971A5D521',NULL,NULL,NULL,'exclusiveGateway',NULL,'2019-01-26 13:35:49.000','2019-01-26 13:35:49.000',0,''),('95120','process:1:82508','95023','95023','sid-0F2C513A-31D1-4D3D-BA2B-4C4DFB6DB4C4','95121',NULL,NULL,'userTask','22','2019-01-26 13:35:49.000','2019-01-26 13:38:23.000',154086,''),('95124','process:1:82508','95095','95095','sid-B8AD98C4-B2B5-42E1-BB08-E7318CDCD6C7',NULL,NULL,NULL,'exclusiveGateway',NULL,'2019-01-26 13:35:51.000','2019-01-26 13:35:51.000',0,''),('95125','process:1:82508','95095','95095','sid-3E2C80CE-D6C7-414F-9360-ACE971A5D521',NULL,NULL,NULL,'exclusiveGateway',NULL,'2019-01-26 13:35:51.000','2019-01-26 13:35:51.000',0,''),('95126','process:1:82508','95095','95095','sid-0F2C513A-31D1-4D3D-BA2B-4C4DFB6DB4C4','95127',NULL,NULL,'userTask','22','2019-01-26 13:35:51.000','2019-01-26 13:38:26.000',155489,''),('95130','process:1:82508','95086','95086','sid-B8AD98C4-B2B5-42E1-BB08-E7318CDCD6C7',NULL,NULL,NULL,'exclusiveGateway',NULL,'2019-01-26 13:35:54.000','2019-01-26 13:35:54.000',0,''),('95131','process:1:82508','95086','95086','sid-3E2C80CE-D6C7-414F-9360-ACE971A5D521',NULL,NULL,NULL,'exclusiveGateway',NULL,'2019-01-26 13:35:54.000','2019-01-26 13:35:54.000',0,''),('95132','process:1:82508','95086','95086','sid-0F2C513A-31D1-4D3D-BA2B-4C4DFB6DB4C4','95133',NULL,NULL,'userTask','22','2019-01-26 13:35:54.000','2019-01-26 13:38:30.000',156752,''),('95136','process:1:82508','95050','95050','sid-B8AD98C4-B2B5-42E1-BB08-E7318CDCD6C7',NULL,NULL,NULL,'exclusiveGateway',NULL,'2019-01-26 13:35:57.000','2019-01-26 13:35:57.000',0,''),('95137','process:1:82508','95050','95050','sid-3E2C80CE-D6C7-414F-9360-ACE971A5D521',NULL,NULL,NULL,'exclusiveGateway',NULL,'2019-01-26 13:35:57.000','2019-01-26 13:35:57.000',0,''),('95138','process:1:82508','95050','95050','sid-0F2C513A-31D1-4D3D-BA2B-4C4DFB6DB4C4','95139',NULL,NULL,'userTask','22','2019-01-26 13:35:57.000','2019-01-26 13:38:39.000',162645,''),('95142','process:1:82508','95077','95077','sid-B8AD98C4-B2B5-42E1-BB08-E7318CDCD6C7',NULL,NULL,NULL,'exclusiveGateway',NULL,'2019-01-26 13:36:01.000','2019-01-26 13:36:01.000',0,''),('95143','process:1:82508','95077','95077','sid-3E2C80CE-D6C7-414F-9360-ACE971A5D521',NULL,NULL,NULL,'exclusiveGateway',NULL,'2019-01-26 13:36:01.000','2019-01-26 13:36:01.000',0,''),('95144','process:1:82508','95077','95077','sid-0F2C513A-31D1-4D3D-BA2B-4C4DFB6DB4C4','95145',NULL,NULL,'userTask','22','2019-01-26 13:36:01.000','2019-01-26 13:38:34.000',153128,''),('95148','process:1:82508','95059','95059','sid-B8AD98C4-B2B5-42E1-BB08-E7318CDCD6C7',NULL,NULL,NULL,'exclusiveGateway',NULL,'2019-01-26 13:36:03.000','2019-01-26 13:36:03.000',0,''),('95149','process:1:82508','95059','95059','sid-3E2C80CE-D6C7-414F-9360-ACE971A5D521',NULL,NULL,NULL,'exclusiveGateway',NULL,'2019-01-26 13:36:03.000','2019-01-26 13:36:03.000',0,''),('95150','process:1:82508','95059','95059','sid-0F2C513A-31D1-4D3D-BA2B-4C4DFB6DB4C4','95151',NULL,NULL,'userTask','22','2019-01-26 13:36:03.000','2019-01-26 13:39:48.000',225519,''),('95154','process:1:82508','95005','95005','sid-B8AD98C4-B2B5-42E1-BB08-E7318CDCD6C7',NULL,NULL,NULL,'exclusiveGateway',NULL,'2019-01-26 13:36:08.000','2019-01-26 13:36:08.000',0,''),('95155','process:1:82508','95005','95005','sid-10FB91C2-8745-4417-B80C-B626C47B038C',NULL,NULL,NULL,'endEvent',NULL,'2019-01-26 13:36:08.000','2019-01-26 13:36:08.000',0,''),('95158','process:1:82508','95014','95014','sid-B8AD98C4-B2B5-42E1-BB08-E7318CDCD6C7',NULL,NULL,NULL,'exclusiveGateway',NULL,'2019-01-26 13:36:12.000','2019-01-26 13:36:12.000',0,''),('95159','process:1:82508','95014','95014','sid-3E2C80CE-D6C7-414F-9360-ACE971A5D521',NULL,NULL,NULL,'exclusiveGateway',NULL,'2019-01-26 13:36:12.000','2019-01-26 13:36:12.000',0,''),('95160','process:1:82508','95014','95014','sid-0F2C513A-31D1-4D3D-BA2B-4C4DFB6DB4C4','95161',NULL,NULL,'userTask','22','2019-01-26 13:36:12.000','2019-01-26 13:38:43.000',151935,''),('95164','process:1:82508','95032','95032','sid-B8AD98C4-B2B5-42E1-BB08-E7318CDCD6C7',NULL,NULL,NULL,'exclusiveGateway',NULL,'2019-01-26 13:36:14.000','2019-01-26 13:36:14.000',0,''),('95165','process:1:82508','95032','95032','sid-3E2C80CE-D6C7-414F-9360-ACE971A5D521',NULL,NULL,NULL,'exclusiveGateway',NULL,'2019-01-26 13:36:14.000','2019-01-26 13:36:14.000',0,''),('95166','process:1:82508','95032','95032','sid-0F2C513A-31D1-4D3D-BA2B-4C4DFB6DB4C4','95167',NULL,NULL,'userTask','22','2019-01-26 13:36:14.000','2019-01-26 13:38:19.000',125910,''),('95169','process:1:82508','95168','95168','sid-824AAB71-4868-4CF5-940F-DC0441F37DBB',NULL,NULL,NULL,'startEvent',NULL,'2019-01-26 13:37:56.000','2019-01-26 13:37:56.000',1,''),('95170','process:1:82508','95168','95168','sid-3E2C80CE-D6C7-414F-9360-ACE971A5D521',NULL,NULL,NULL,'exclusiveGateway',NULL,'2019-01-26 13:37:56.000','2019-01-26 13:37:56.000',0,''),('95171','process:1:82508','95168','95168','sid-0F2C513A-31D1-4D3D-BA2B-4C4DFB6DB4C4','95172',NULL,NULL,'userTask','22','2019-01-26 13:37:56.000','2019-01-26 13:37:56.000',45,''),('95174','process:1:82508','95168','95168','sid-9DCE1851-A5DD-4287-84E7-3DF1B6D5978D','95175',NULL,NULL,'userTask','9','2019-01-26 13:37:56.000','2019-01-26 13:43:36.000',340967,''),('95177','process:1:82508','95032','95032','sid-9DCE1851-A5DD-4287-84E7-3DF1B6D5978D','95178',NULL,NULL,'userTask','9','2019-01-26 13:38:19.000','2019-01-26 13:43:37.000',318662,''),('95179','process:1:82508','95023','95023','sid-9DCE1851-A5DD-4287-84E7-3DF1B6D5978D','95180',NULL,NULL,'userTask','9','2019-01-26 13:38:23.000','2019-01-26 13:43:41.000',318937,''),('95181','process:1:82508','95095','95095','sid-9DCE1851-A5DD-4287-84E7-3DF1B6D5978D','95182',NULL,NULL,'userTask','9','2019-01-26 13:38:26.000','2019-01-26 13:43:40.000',314821,''),('95183','process:1:82508','95086','95086','sid-9DCE1851-A5DD-4287-84E7-3DF1B6D5978D','95184',NULL,NULL,'userTask','9','2019-01-26 13:38:30.000','2019-01-26 13:43:40.000',310332,''),('95185','process:1:82508','95077','95077','sid-9DCE1851-A5DD-4287-84E7-3DF1B6D5978D','95186',NULL,NULL,'userTask','9','2019-01-26 13:38:34.000','2019-01-26 13:43:39.000',305769,''),('95187','process:1:82508','95050','95050','sid-9DCE1851-A5DD-4287-84E7-3DF1B6D5978D','95188',NULL,NULL,'userTask','9','2019-01-26 13:38:39.000','2019-01-26 13:43:39.000',300295,''),('95189','process:1:82508','95014','95014','sid-9DCE1851-A5DD-4287-84E7-3DF1B6D5978D','95190',NULL,NULL,'userTask','9','2019-01-26 13:38:43.000','2019-01-26 13:43:38.000',295806,''),('95191','process:1:82508','95068','95068','sid-9DCE1851-A5DD-4287-84E7-3DF1B6D5978D','95192',NULL,NULL,'userTask','9','2019-01-26 13:38:50.000','2019-01-26 13:43:42.000',292570,''),('95193','process:1:82508','95059','95059','sid-9DCE1851-A5DD-4287-84E7-3DF1B6D5978D','95194',NULL,NULL,'userTask','9','2019-01-26 13:39:48.000','2019-01-26 13:43:38.000',230239,''),('95195','process:1:82508','95041','95041','sid-9DCE1851-A5DD-4287-84E7-3DF1B6D5978D','95196',NULL,NULL,'userTask','9','2019-01-26 13:43:20.000','2019-01-26 13:43:33.000',13636,''),('95198','process:1:82508','95041','95041','sid-B8AD98C4-B2B5-42E1-BB08-E7318CDCD6C7',NULL,NULL,NULL,'exclusiveGateway',NULL,'2019-01-26 13:43:33.000','2019-01-26 13:43:33.000',0,''),('95199','process:1:82508','95041','95041','sid-10FB91C2-8745-4417-B80C-B626C47B038C',NULL,NULL,NULL,'endEvent',NULL,'2019-01-26 13:43:33.000','2019-01-26 13:43:33.000',0,''),('95202','process:1:82508','95168','95168','sid-B8AD98C4-B2B5-42E1-BB08-E7318CDCD6C7',NULL,NULL,NULL,'exclusiveGateway',NULL,'2019-01-26 13:43:36.000','2019-01-26 13:43:36.000',0,''),('95203','process:1:82508','95168','95168','sid-10FB91C2-8745-4417-B80C-B626C47B038C',NULL,NULL,NULL,'endEvent',NULL,'2019-01-26 13:43:36.000','2019-01-26 13:43:36.000',0,''),('95205','process:1:82508','95032','95032','sid-B8AD98C4-B2B5-42E1-BB08-E7318CDCD6C7',NULL,NULL,NULL,'exclusiveGateway',NULL,'2019-01-26 13:43:37.000','2019-01-26 13:43:37.000',0,''),('95206','process:1:82508','95032','95032','sid-10FB91C2-8745-4417-B80C-B626C47B038C',NULL,NULL,NULL,'endEvent',NULL,'2019-01-26 13:43:37.000','2019-01-26 13:43:37.000',0,''),('95208','process:1:82508','95059','95059','sid-B8AD98C4-B2B5-42E1-BB08-E7318CDCD6C7',NULL,NULL,NULL,'exclusiveGateway',NULL,'2019-01-26 13:43:38.000','2019-01-26 13:43:38.000',0,''),('95209','process:1:82508','95059','95059','sid-10FB91C2-8745-4417-B80C-B626C47B038C',NULL,NULL,NULL,'endEvent',NULL,'2019-01-26 13:43:38.000','2019-01-26 13:43:38.000',0,''),('95211','process:1:82508','95014','95014','sid-B8AD98C4-B2B5-42E1-BB08-E7318CDCD6C7',NULL,NULL,NULL,'exclusiveGateway',NULL,'2019-01-26 13:43:38.000','2019-01-26 13:43:38.000',0,''),('95212','process:1:82508','95014','95014','sid-10FB91C2-8745-4417-B80C-B626C47B038C',NULL,NULL,NULL,'endEvent',NULL,'2019-01-26 13:43:38.000','2019-01-26 13:43:38.000',1,''),('95214','process:1:82508','95050','95050','sid-B8AD98C4-B2B5-42E1-BB08-E7318CDCD6C7',NULL,NULL,NULL,'exclusiveGateway',NULL,'2019-01-26 13:43:39.000','2019-01-26 13:43:39.000',0,''),('95215','process:1:82508','95050','95050','sid-10FB91C2-8745-4417-B80C-B626C47B038C',NULL,NULL,NULL,'endEvent',NULL,'2019-01-26 13:43:39.000','2019-01-26 13:43:39.000',0,''),('95217','process:1:82508','95077','95077','sid-B8AD98C4-B2B5-42E1-BB08-E7318CDCD6C7',NULL,NULL,NULL,'exclusiveGateway',NULL,'2019-01-26 13:43:39.000','2019-01-26 13:43:39.000',0,''),('95218','process:1:82508','95077','95077','sid-10FB91C2-8745-4417-B80C-B626C47B038C',NULL,NULL,NULL,'endEvent',NULL,'2019-01-26 13:43:39.000','2019-01-26 13:43:39.000',0,''),('95220','process:1:82508','95086','95086','sid-B8AD98C4-B2B5-42E1-BB08-E7318CDCD6C7',NULL,NULL,NULL,'exclusiveGateway',NULL,'2019-01-26 13:43:40.000','2019-01-26 13:43:40.000',0,''),('95221','process:1:82508','95086','95086','sid-10FB91C2-8745-4417-B80C-B626C47B038C',NULL,NULL,NULL,'endEvent',NULL,'2019-01-26 13:43:40.000','2019-01-26 13:43:40.000',0,''),('95223','process:1:82508','95095','95095','sid-B8AD98C4-B2B5-42E1-BB08-E7318CDCD6C7',NULL,NULL,NULL,'exclusiveGateway',NULL,'2019-01-26 13:43:40.000','2019-01-26 13:43:40.000',1,''),('95224','process:1:82508','95095','95095','sid-10FB91C2-8745-4417-B80C-B626C47B038C',NULL,NULL,NULL,'endEvent',NULL,'2019-01-26 13:43:40.000','2019-01-26 13:43:40.000',0,''),('95226','process:1:82508','95023','95023','sid-B8AD98C4-B2B5-42E1-BB08-E7318CDCD6C7',NULL,NULL,NULL,'exclusiveGateway',NULL,'2019-01-26 13:43:41.000','2019-01-26 13:43:41.000',0,''),('95227','process:1:82508','95023','95023','sid-10FB91C2-8745-4417-B80C-B626C47B038C',NULL,NULL,NULL,'endEvent',NULL,'2019-01-26 13:43:41.000','2019-01-26 13:43:41.000',0,''),('95229','process:1:82508','95068','95068','sid-B8AD98C4-B2B5-42E1-BB08-E7318CDCD6C7',NULL,NULL,NULL,'exclusiveGateway',NULL,'2019-01-26 13:43:42.000','2019-01-26 13:43:42.000',0,''),('95230','process:1:82508','95068','95068','sid-10FB91C2-8745-4417-B80C-B626C47B038C',NULL,NULL,NULL,'endEvent',NULL,'2019-01-26 13:43:42.000','2019-01-26 13:43:42.000',0,''),('95232','process:1:82508','95231','95231','sid-824AAB71-4868-4CF5-940F-DC0441F37DBB',NULL,NULL,NULL,'startEvent',NULL,'2019-01-26 13:44:51.000','2019-01-26 13:44:51.000',1,''),('95233','process:1:82508','95231','95231','sid-3E2C80CE-D6C7-414F-9360-ACE971A5D521',NULL,NULL,NULL,'exclusiveGateway',NULL,'2019-01-26 13:44:51.000','2019-01-26 13:44:51.000',0,''),('95234','process:1:82508','95231','95231','sid-0F2C513A-31D1-4D3D-BA2B-4C4DFB6DB4C4','95235',NULL,NULL,'userTask','1','2019-01-26 13:44:51.000','2019-01-26 13:44:51.000',90,''),('95237','process:1:82508','95231','95231','sid-9DCE1851-A5DD-4287-84E7-3DF1B6D5978D','95238',NULL,NULL,'userTask','9','2019-01-26 13:44:51.000','2019-01-26 13:44:59.000',8184,''),('95242','process:1:82508','95231','95231','sid-B8AD98C4-B2B5-42E1-BB08-E7318CDCD6C7',NULL,NULL,NULL,'exclusiveGateway',NULL,'2019-01-26 13:44:59.000','2019-01-26 13:44:59.000',0,''),('95243','process:1:82508','95231','95231','sid-10FB91C2-8745-4417-B80C-B626C47B038C',NULL,NULL,NULL,'endEvent',NULL,'2019-01-26 13:44:59.000','2019-01-26 13:44:59.000',0,''),('95245','process:1:82508','95244','95244','sid-824AAB71-4868-4CF5-940F-DC0441F37DBB',NULL,NULL,NULL,'startEvent',NULL,'2019-01-26 13:46:10.000','2019-01-26 13:46:10.000',1,''),('95246','process:1:82508','95244','95244','sid-3E2C80CE-D6C7-414F-9360-ACE971A5D521',NULL,NULL,NULL,'exclusiveGateway',NULL,'2019-01-26 13:46:10.000','2019-01-26 13:46:10.000',0,''),('95247','process:1:82508','95244','95244','sid-0F2C513A-31D1-4D3D-BA2B-4C4DFB6DB4C4','95248',NULL,NULL,'userTask','22','2019-01-26 13:46:10.000','2019-01-26 13:46:10.000',175,''),('95250','process:1:82508','95244','95244','sid-9DCE1851-A5DD-4287-84E7-3DF1B6D5978D','95251',NULL,NULL,'userTask','9','2019-01-26 13:46:10.000','2019-01-26 14:01:25.000',915390,''),('95254','process:1:82508','95253','95253','sid-824AAB71-4868-4CF5-940F-DC0441F37DBB',NULL,NULL,NULL,'startEvent',NULL,'2019-01-26 13:46:18.000','2019-01-26 13:46:18.000',0,''),('95255','process:1:82508','95253','95253','sid-3E2C80CE-D6C7-414F-9360-ACE971A5D521',NULL,NULL,NULL,'exclusiveGateway',NULL,'2019-01-26 13:46:18.000','2019-01-26 13:46:18.000',0,''),('95256','process:1:82508','95253','95253','sid-0F2C513A-31D1-4D3D-BA2B-4C4DFB6DB4C4','95257',NULL,NULL,'userTask','22','2019-01-26 13:46:18.000','2019-01-26 13:46:18.000',909,''),('95259','process:1:82508','95253','95253','sid-9DCE1851-A5DD-4287-84E7-3DF1B6D5978D','95260',NULL,NULL,'userTask','9','2019-01-26 13:46:18.000','2019-01-26 14:19:49.000',2011045,''),('95263','process:1:82508','95262','95262','sid-824AAB71-4868-4CF5-940F-DC0441F37DBB',NULL,NULL,NULL,'startEvent',NULL,'2019-01-26 13:46:59.000','2019-01-26 13:46:59.000',1,''),('95264','process:1:82508','95262','95262','sid-3E2C80CE-D6C7-414F-9360-ACE971A5D521',NULL,NULL,NULL,'exclusiveGateway',NULL,'2019-01-26 13:46:59.000','2019-01-26 13:46:59.000',0,''),('95265','process:1:82508','95262','95262','sid-0F2C513A-31D1-4D3D-BA2B-4C4DFB6DB4C4','95266',NULL,NULL,'userTask','22','2019-01-26 13:46:59.000','2019-01-26 13:46:59.000',741,''),('95268','process:1:82508','95262','95262','sid-9DCE1851-A5DD-4287-84E7-3DF1B6D5978D','95269',NULL,NULL,'userTask','9','2019-01-26 13:46:59.000',NULL,NULL,''),('95272','process:1:82508','95271','95271','sid-824AAB71-4868-4CF5-940F-DC0441F37DBB',NULL,NULL,NULL,'startEvent',NULL,'2019-01-26 13:47:38.000','2019-01-26 13:47:38.000',0,''),('95273','process:1:82508','95271','95271','sid-3E2C80CE-D6C7-414F-9360-ACE971A5D521',NULL,NULL,NULL,'exclusiveGateway',NULL,'2019-01-26 13:47:38.000','2019-01-26 13:47:38.000',1,''),('95274','process:1:82508','95271','95271','sid-0F2C513A-31D1-4D3D-BA2B-4C4DFB6DB4C4','95275',NULL,NULL,'userTask','1','2019-01-26 13:47:38.000','2019-01-26 13:47:38.000',644,''),('95277','process:1:82508','95271','95271','sid-9DCE1851-A5DD-4287-84E7-3DF1B6D5978D','95278',NULL,NULL,'userTask','9','2019-01-26 13:47:38.000','2019-02-12 13:43:02.000',1468524693,''),('95281','process:1:82508','95280','95280','sid-824AAB71-4868-4CF5-940F-DC0441F37DBB',NULL,NULL,NULL,'startEvent',NULL,'2019-01-26 13:47:47.000','2019-01-26 13:47:47.000',1,''),('95282','process:1:82508','95280','95280','sid-3E2C80CE-D6C7-414F-9360-ACE971A5D521',NULL,NULL,NULL,'exclusiveGateway',NULL,'2019-01-26 13:47:47.000','2019-01-26 13:47:47.000',0,''),('95283','process:1:82508','95280','95280','sid-0F2C513A-31D1-4D3D-BA2B-4C4DFB6DB4C4','95284',NULL,NULL,'userTask','1','2019-01-26 13:47:47.000','2019-01-26 13:47:47.000',558,''),('95286','process:1:82508','95280','95280','sid-9DCE1851-A5DD-4287-84E7-3DF1B6D5978D','95287',NULL,NULL,'userTask','9','2019-01-26 13:47:47.000',NULL,NULL,''),('95290','process:1:82508','95289','95289','sid-824AAB71-4868-4CF5-940F-DC0441F37DBB',NULL,NULL,NULL,'startEvent',NULL,'2019-01-26 13:47:57.000','2019-01-26 13:47:57.000',1,''),('95291','process:1:82508','95289','95289','sid-3E2C80CE-D6C7-414F-9360-ACE971A5D521',NULL,NULL,NULL,'exclusiveGateway',NULL,'2019-01-26 13:47:57.000','2019-01-26 13:47:57.000',0,''),('95292','process:1:82508','95289','95289','sid-0F2C513A-31D1-4D3D-BA2B-4C4DFB6DB4C4','95293',NULL,NULL,'userTask','1','2019-01-26 13:47:57.000','2019-01-26 13:47:57.000',759,''),('95295','process:1:82508','95289','95289','sid-9DCE1851-A5DD-4287-84E7-3DF1B6D5978D','95296',NULL,NULL,'userTask','9','2019-01-26 13:47:57.000',NULL,NULL,''),('95299','process:1:82508','95298','95298','sid-824AAB71-4868-4CF5-940F-DC0441F37DBB',NULL,NULL,NULL,'startEvent',NULL,'2019-01-26 13:48:11.000','2019-01-26 13:48:11.000',0,''),('95300','process:1:82508','95298','95298','sid-3E2C80CE-D6C7-414F-9360-ACE971A5D521',NULL,NULL,NULL,'exclusiveGateway',NULL,'2019-01-26 13:48:11.000','2019-01-26 13:48:11.000',0,''),('95301','process:1:82508','95298','95298','sid-0F2C513A-31D1-4D3D-BA2B-4C4DFB6DB4C4','95302',NULL,NULL,'userTask','1','2019-01-26 13:48:11.000','2019-01-26 13:48:11.000',334,''),('95304','process:1:82508','95298','95298','sid-9DCE1851-A5DD-4287-84E7-3DF1B6D5978D','95305',NULL,NULL,'userTask','9','2019-01-26 13:48:11.000','2019-01-26 15:46:19.000',7088654,''),('97502','process:1:82508','97501','97501','sid-824AAB71-4868-4CF5-940F-DC0441F37DBB',NULL,NULL,NULL,'startEvent',NULL,'2019-01-26 13:57:43.000','2019-01-26 13:57:43.000',18,''),('97503','process:1:82508','97501','97501','sid-3E2C80CE-D6C7-414F-9360-ACE971A5D521',NULL,NULL,NULL,'exclusiveGateway',NULL,'2019-01-26 13:57:43.000','2019-01-26 13:57:43.000',0,''),('97504','process:1:82508','97501','97501','sid-0F2C513A-31D1-4D3D-BA2B-4C4DFB6DB4C4','97505',NULL,NULL,'userTask','1','2019-01-26 13:57:43.000','2019-01-26 13:57:43.000',639,''),('97507','process:1:82508','97501','97501','sid-9DCE1851-A5DD-4287-84E7-3DF1B6D5978D','97508',NULL,NULL,'userTask','9','2019-01-26 13:57:43.000',NULL,NULL,''),('97511','process:1:82508','97510','97510','sid-824AAB71-4868-4CF5-940F-DC0441F37DBB',NULL,NULL,NULL,'startEvent',NULL,'2019-01-26 13:58:15.000','2019-01-26 13:58:15.000',1,''),('97512','process:1:82508','97510','97510','sid-3E2C80CE-D6C7-414F-9360-ACE971A5D521',NULL,NULL,NULL,'exclusiveGateway',NULL,'2019-01-26 13:58:15.000','2019-01-26 13:58:15.000',1,''),('97513','process:1:82508','97510','97510','sid-0F2C513A-31D1-4D3D-BA2B-4C4DFB6DB4C4','97514',NULL,NULL,'userTask','1','2019-01-26 13:58:15.000','2019-01-26 13:58:15.000',46,''),('97516','process:1:82508','97510','97510','sid-9DCE1851-A5DD-4287-84E7-3DF1B6D5978D','97517',NULL,NULL,'userTask','9','2019-01-26 13:58:15.000',NULL,NULL,''),('97520','process:1:82508','97519','97519','sid-824AAB71-4868-4CF5-940F-DC0441F37DBB',NULL,NULL,NULL,'startEvent',NULL,'2019-01-26 13:58:41.000','2019-01-26 13:58:41.000',1,''),('97521','process:1:82508','97519','97519','sid-3E2C80CE-D6C7-414F-9360-ACE971A5D521',NULL,NULL,NULL,'exclusiveGateway',NULL,'2019-01-26 13:58:41.000','2019-01-26 13:58:41.000',0,''),('97522','process:1:82508','97519','97519','sid-0F2C513A-31D1-4D3D-BA2B-4C4DFB6DB4C4','97523',NULL,NULL,'userTask','1','2019-01-26 13:58:41.000','2019-01-26 13:58:41.000',398,''),('97525','process:1:82508','97519','97519','sid-9DCE1851-A5DD-4287-84E7-3DF1B6D5978D','97526',NULL,NULL,'userTask','9','2019-01-26 13:58:41.000',NULL,NULL,''),('97529','process:1:82508','97528','97528','sid-824AAB71-4868-4CF5-940F-DC0441F37DBB',NULL,NULL,NULL,'startEvent',NULL,'2019-01-26 13:58:57.000','2019-01-26 13:58:57.000',1,''),('97530','process:1:82508','97528','97528','sid-3E2C80CE-D6C7-414F-9360-ACE971A5D521',NULL,NULL,NULL,'exclusiveGateway',NULL,'2019-01-26 13:58:57.000','2019-01-26 13:58:57.000',0,''),('97531','process:1:82508','97528','97528','sid-0F2C513A-31D1-4D3D-BA2B-4C4DFB6DB4C4','97532',NULL,NULL,'userTask','1','2019-01-26 13:58:57.000','2019-01-26 13:58:57.000',888,''),('97534','process:1:82508','97528','97528','sid-9DCE1851-A5DD-4287-84E7-3DF1B6D5978D','97535',NULL,NULL,'userTask','9','2019-01-26 13:58:57.000',NULL,NULL,''),('97538','process:1:82508','97537','97537','sid-824AAB71-4868-4CF5-940F-DC0441F37DBB',NULL,NULL,NULL,'startEvent',NULL,'2019-01-26 13:59:29.000','2019-01-26 13:59:29.000',1,''),('97539','process:1:82508','97537','97537','sid-3E2C80CE-D6C7-414F-9360-ACE971A5D521',NULL,NULL,NULL,'exclusiveGateway',NULL,'2019-01-26 13:59:29.000','2019-01-26 13:59:29.000',0,''),('97540','process:1:82508','97537','97537','sid-0F2C513A-31D1-4D3D-BA2B-4C4DFB6DB4C4','97541',NULL,NULL,'userTask','1','2019-01-26 13:59:29.000','2019-01-26 13:59:29.000',751,''),('97543','process:1:82508','97537','97537','sid-9DCE1851-A5DD-4287-84E7-3DF1B6D5978D','97544',NULL,NULL,'userTask','9','2019-01-26 13:59:29.000','2019-01-26 14:02:55.000',206478,''),('97547','process:1:82508','97546','97546','sid-824AAB71-4868-4CF5-940F-DC0441F37DBB',NULL,NULL,NULL,'startEvent',NULL,'2019-01-26 13:59:51.000','2019-01-26 13:59:51.000',1,''),('97548','process:1:82508','97546','97546','sid-3E2C80CE-D6C7-414F-9360-ACE971A5D521',NULL,NULL,NULL,'exclusiveGateway',NULL,'2019-01-26 13:59:51.000','2019-01-26 13:59:51.000',0,''),('97549','process:1:82508','97546','97546','sid-0F2C513A-31D1-4D3D-BA2B-4C4DFB6DB4C4','97550',NULL,NULL,'userTask','1','2019-01-26 13:59:51.000','2019-01-26 13:59:51.000',431,''),('97552','process:1:82508','97546','97546','sid-9DCE1851-A5DD-4287-84E7-3DF1B6D5978D','97553',NULL,NULL,'userTask','9','2019-01-26 13:59:51.000','2019-01-26 15:41:57.000',6126621,''),('97556','process:1:82508','97555','97555','sid-824AAB71-4868-4CF5-940F-DC0441F37DBB',NULL,NULL,NULL,'startEvent',NULL,'2019-01-26 14:00:04.000','2019-01-26 14:00:04.000',1,''),('97557','process:1:82508','97555','97555','sid-3E2C80CE-D6C7-414F-9360-ACE971A5D521',NULL,NULL,NULL,'exclusiveGateway',NULL,'2019-01-26 14:00:04.000','2019-01-26 14:00:04.000',0,''),('97558','process:1:82508','97555','97555','sid-0F2C513A-31D1-4D3D-BA2B-4C4DFB6DB4C4','97559',NULL,NULL,'userTask','1','2019-01-26 14:00:04.000','2019-01-26 14:00:04.000',830,''),('97561','process:1:82508','97555','97555','sid-9DCE1851-A5DD-4287-84E7-3DF1B6D5978D','97562',NULL,NULL,'userTask','9','2019-01-26 14:00:04.000','2019-01-26 14:02:59.000',175130,''),('97565','process:1:82508','97564','97564','sid-824AAB71-4868-4CF5-940F-DC0441F37DBB',NULL,NULL,NULL,'startEvent',NULL,'2019-01-26 14:00:15.000','2019-01-26 14:00:15.000',0,''),('97566','process:1:82508','97564','97564','sid-3E2C80CE-D6C7-414F-9360-ACE971A5D521',NULL,NULL,NULL,'exclusiveGateway',NULL,'2019-01-26 14:00:15.000','2019-01-26 14:00:15.000',0,''),('97567','process:1:82508','97564','97564','sid-0F2C513A-31D1-4D3D-BA2B-4C4DFB6DB4C4','97568',NULL,NULL,'userTask','1','2019-01-26 14:00:15.000','2019-01-26 14:00:15.000',778,''),('97570','process:1:82508','97564','97564','sid-9DCE1851-A5DD-4287-84E7-3DF1B6D5978D','97571',NULL,NULL,'userTask','9','2019-01-26 14:00:15.000','2019-01-26 15:41:59.000',6104921,''),('97575','process:1:82508','95244','95244','sid-B8AD98C4-B2B5-42E1-BB08-E7318CDCD6C7',NULL,NULL,NULL,'exclusiveGateway',NULL,'2019-01-26 14:01:25.000','2019-01-26 14:01:25.000',21,''),('97576','process:1:82508','95244','95244','sid-10FB91C2-8745-4417-B80C-B626C47B038C',NULL,NULL,NULL,'endEvent',NULL,'2019-01-26 14:01:25.000','2019-01-26 14:01:25.000',0,''),('97579','process:1:82508','97537','97537','sid-B8AD98C4-B2B5-42E1-BB08-E7318CDCD6C7',NULL,NULL,NULL,'exclusiveGateway',NULL,'2019-01-26 14:02:55.000','2019-01-26 14:02:55.000',0,''),('97580','process:1:82508','97537','97537','sid-10FB91C2-8745-4417-B80C-B626C47B038C',NULL,NULL,NULL,'endEvent',NULL,'2019-01-26 14:02:55.000','2019-01-26 14:02:55.000',0,''),('97583','process:1:82508','97555','97555','sid-B8AD98C4-B2B5-42E1-BB08-E7318CDCD6C7',NULL,NULL,NULL,'exclusiveGateway',NULL,'2019-01-26 14:02:59.000','2019-01-26 14:02:59.000',0,''),('97584','process:1:82508','97555','97555','sid-3E2C80CE-D6C7-414F-9360-ACE971A5D521',NULL,NULL,NULL,'exclusiveGateway',NULL,'2019-01-26 14:02:59.000','2019-01-26 14:02:59.000',0,''),('97585','process:1:82508','97555','97555','sid-0F2C513A-31D1-4D3D-BA2B-4C4DFB6DB4C4','97586',NULL,NULL,'userTask','1','2019-01-26 14:02:59.000',NULL,NULL,'');

/*Table structure for table `act_hi_attachment` */

DROP TABLE IF EXISTS `act_hi_attachment`;

CREATE TABLE `act_hi_attachment` (
  `ID_` varchar(64) COLLATE utf8_bin NOT NULL,
  `REV_` int(11) DEFAULT NULL,
  `USER_ID_` varchar(255) COLLATE utf8_bin DEFAULT NULL,
  `NAME_` varchar(255) COLLATE utf8_bin DEFAULT NULL,
  `DESCRIPTION_` varchar(4000) COLLATE utf8_bin DEFAULT NULL,
  `TYPE_` varchar(255) COLLATE utf8_bin DEFAULT NULL,
  `TASK_ID_` varchar(64) COLLATE utf8_bin DEFAULT NULL,
  `PROC_INST_ID_` varchar(64) COLLATE utf8_bin DEFAULT NULL,
  `URL_` varchar(4000) COLLATE utf8_bin DEFAULT NULL,
  `CONTENT_ID_` varchar(64) COLLATE utf8_bin DEFAULT NULL,
  `TIME_` datetime(3) DEFAULT NULL,
  PRIMARY KEY (`ID_`)
) ENGINE=InnoDB DEFAULT CHARSET=utf8 COLLATE=utf8_bin;

/*Data for the table `act_hi_attachment` */

/*Table structure for table `act_hi_comment` */

DROP TABLE IF EXISTS `act_hi_comment`;

CREATE TABLE `act_hi_comment` (
  `ID_` varchar(64) COLLATE utf8_bin NOT NULL,
  `TYPE_` varchar(255) COLLATE utf8_bin DEFAULT NULL,
  `TIME_` datetime(3) NOT NULL,
  `USER_ID_` varchar(255) COLLATE utf8_bin DEFAULT NULL,
  `TASK_ID_` varchar(64) COLLATE utf8_bin DEFAULT NULL,
  `PROC_INST_ID_` varchar(64) COLLATE utf8_bin DEFAULT NULL,
  `ACTION_` varchar(255) COLLATE utf8_bin DEFAULT NULL,
  `MESSAGE_` varchar(4000) COLLATE utf8_bin DEFAULT NULL,
  `FULL_MSG_` longblob,
  PRIMARY KEY (`ID_`)
) ENGINE=InnoDB DEFAULT CHARSET=utf8 COLLATE=utf8_bin;

/*Data for the table `act_hi_comment` */

/*Table structure for table `act_hi_detail` */

DROP TABLE IF EXISTS `act_hi_detail`;

CREATE TABLE `act_hi_detail` (
  `ID_` varchar(64) COLLATE utf8_bin NOT NULL,
  `TYPE_` varchar(255) COLLATE utf8_bin NOT NULL,
  `PROC_INST_ID_` varchar(64) COLLATE utf8_bin DEFAULT NULL,
  `EXECUTION_ID_` varchar(64) COLLATE utf8_bin DEFAULT NULL,
  `TASK_ID_` varchar(64) COLLATE utf8_bin DEFAULT NULL,
  `ACT_INST_ID_` varchar(64) COLLATE utf8_bin DEFAULT NULL,
  `NAME_` varchar(255) COLLATE utf8_bin NOT NULL,
  `VAR_TYPE_` varchar(255) COLLATE utf8_bin DEFAULT NULL,
  `REV_` int(11) DEFAULT NULL,
  `TIME_` datetime(3) NOT NULL,
  `BYTEARRAY_ID_` varchar(64) COLLATE utf8_bin DEFAULT NULL,
  `DOUBLE_` double DEFAULT NULL,
  `LONG_` bigint(20) DEFAULT NULL,
  `TEXT_` varchar(4000) COLLATE utf8_bin DEFAULT NULL,
  `TEXT2_` varchar(4000) COLLATE utf8_bin DEFAULT NULL,
  PRIMARY KEY (`ID_`),
  KEY `ACT_IDX_HI_DETAIL_PROC_INST` (`PROC_INST_ID_`),
  KEY `ACT_IDX_HI_DETAIL_ACT_INST` (`ACT_INST_ID_`),
  KEY `ACT_IDX_HI_DETAIL_TIME` (`TIME_`),
  KEY `ACT_IDX_HI_DETAIL_NAME` (`NAME_`),
  KEY `ACT_IDX_HI_DETAIL_TASK_ID` (`TASK_ID_`)
) ENGINE=InnoDB DEFAULT CHARSET=utf8 COLLATE=utf8_bin;

/*Data for the table `act_hi_detail` */

insert  into `act_hi_detail`(`ID_`,`TYPE_`,`PROC_INST_ID_`,`EXECUTION_ID_`,`TASK_ID_`,`ACT_INST_ID_`,`NAME_`,`VAR_TYPE_`,`REV_`,`TIME_`,`BYTEARRAY_ID_`,`DOUBLE_`,`LONG_`,`TEXT_`,`TEXT2_`) values ('100011','VariableUpdate','100001','100001',NULL,'100007','agree','boolean',0,'2019-01-26 14:13:03.000',NULL,NULL,0,NULL,NULL),('95002','VariableUpdate','92643','92643',NULL,'92649','agree','boolean',0,'2019-01-26 13:30:53.000',NULL,NULL,1,NULL,NULL),('95105','VariableUpdate','95041','95041',NULL,'95047','agree','boolean',0,'2019-01-26 13:35:35.000',NULL,NULL,0,NULL,NULL),('95111','VariableUpdate','95068','95068',NULL,'95074','agree','boolean',0,'2019-01-26 13:35:46.000',NULL,NULL,0,NULL,NULL),('95117','VariableUpdate','95023','95023',NULL,'95029','agree','boolean',0,'2019-01-26 13:35:49.000',NULL,NULL,0,NULL,NULL),('95123','VariableUpdate','95095','95095',NULL,'95101','agree','boolean',0,'2019-01-26 13:35:51.000',NULL,NULL,0,NULL,NULL),('95129','VariableUpdate','95086','95086',NULL,'95092','agree','boolean',0,'2019-01-26 13:35:54.000',NULL,NULL,0,NULL,NULL),('95135','VariableUpdate','95050','95050',NULL,'95056','agree','boolean',0,'2019-01-26 13:35:57.000',NULL,NULL,0,NULL,NULL),('95141','VariableUpdate','95077','95077',NULL,'95083','agree','boolean',0,'2019-01-26 13:36:01.000',NULL,NULL,0,NULL,NULL),('95147','VariableUpdate','95059','95059',NULL,'95065','agree','boolean',0,'2019-01-26 13:36:03.000',NULL,NULL,0,NULL,NULL),('95153','VariableUpdate','95005','95005',NULL,'95011','agree','boolean',0,'2019-01-26 13:36:08.000',NULL,NULL,1,NULL,NULL),('95157','VariableUpdate','95014','95014',NULL,'95020','agree','boolean',0,'2019-01-26 13:36:12.000',NULL,NULL,0,NULL,NULL),('95163','VariableUpdate','95032','95032',NULL,'95038','agree','boolean',0,'2019-01-26 13:36:14.000',NULL,NULL,0,NULL,NULL),('95197','VariableUpdate','95041','95041',NULL,'95195','agree','boolean',1,'2019-01-26 13:43:33.000',NULL,NULL,1,NULL,NULL),('95201','VariableUpdate','95168','95168',NULL,'95174','agree','boolean',0,'2019-01-26 13:43:36.000',NULL,NULL,1,NULL,NULL),('95204','VariableUpdate','95032','95032',NULL,'95177','agree','boolean',1,'2019-01-26 13:43:37.000',NULL,NULL,1,NULL,NULL),('95207','VariableUpdate','95059','95059',NULL,'95193','agree','boolean',1,'2019-01-26 13:43:38.000',NULL,NULL,1,NULL,NULL),('95210','VariableUpdate','95014','95014',NULL,'95189','agree','boolean',1,'2019-01-26 13:43:38.000',NULL,NULL,1,NULL,NULL),('95213','VariableUpdate','95050','95050',NULL,'95187','agree','boolean',1,'2019-01-26 13:43:39.000',NULL,NULL,1,NULL,NULL),('95216','VariableUpdate','95077','95077',NULL,'95185','agree','boolean',1,'2019-01-26 13:43:39.000',NULL,NULL,1,NULL,NULL),('95219','VariableUpdate','95086','95086',NULL,'95183','agree','boolean',1,'2019-01-26 13:43:40.000',NULL,NULL,1,NULL,NULL),('95222','VariableUpdate','95095','95095',NULL,'95181','agree','boolean',1,'2019-01-26 13:43:40.000',NULL,NULL,1,NULL,NULL),('95225','VariableUpdate','95023','95023',NULL,'95179','agree','boolean',1,'2019-01-26 13:43:41.000',NULL,NULL,1,NULL,NULL),('95228','VariableUpdate','95068','95068',NULL,'95191','agree','boolean',1,'2019-01-26 13:43:42.000',NULL,NULL,1,NULL,NULL),('95241','VariableUpdate','95231','95231',NULL,'95237','agree','boolean',0,'2019-01-26 13:44:59.000',NULL,NULL,1,NULL,NULL),('97574','VariableUpdate','95244','95244',NULL,'95250','agree','boolean',0,'2019-01-26 14:01:25.000',NULL,NULL,1,NULL,NULL),('97578','VariableUpdate','97537','97537',NULL,'97543','agree','boolean',0,'2019-01-26 14:02:55.000',NULL,NULL,1,NULL,NULL),('97582','VariableUpdate','97555','97555',NULL,'97561','agree','boolean',0,'2019-01-26 14:02:59.000',NULL,NULL,0,NULL,NULL);

/*Table structure for table `act_hi_identitylink` */

DROP TABLE IF EXISTS `act_hi_identitylink`;

CREATE TABLE `act_hi_identitylink` (
  `ID_` varchar(64) COLLATE utf8_bin NOT NULL DEFAULT '',
  `GROUP_ID_` varchar(255) COLLATE utf8_bin DEFAULT NULL,
  `TYPE_` varchar(255) COLLATE utf8_bin DEFAULT NULL,
  `USER_ID_` varchar(255) COLLATE utf8_bin DEFAULT NULL,
  `TASK_ID_` varchar(64) COLLATE utf8_bin DEFAULT NULL,
  `PROC_INST_ID_` varchar(64) COLLATE utf8_bin DEFAULT NULL,
  PRIMARY KEY (`ID_`),
  KEY `ACT_IDX_HI_IDENT_LNK_USER` (`USER_ID_`),
  KEY `ACT_IDX_HI_IDENT_LNK_TASK` (`TASK_ID_`),
  KEY `ACT_IDX_HI_IDENT_LNK_PROCINST` (`PROC_INST_ID_`)
) ENGINE=InnoDB DEFAULT CHARSET=utf8 COLLATE=utf8_bin;

/*Data for the table `act_hi_identitylink` */

insert  into `act_hi_identitylink`(`ID_`,`GROUP_ID_`,`TYPE_`,`USER_ID_`,`TASK_ID_`,`PROC_INST_ID_`) values ('100006',NULL,'participant','1',NULL,'100001'),('100009',NULL,'participant','8',NULL,'100001'),('100018',NULL,'participant','6',NULL,'100001'),('100024',NULL,'participant','22',NULL,'100019'),('100027',NULL,'participant','6',NULL,'100019'),('100033',NULL,'participant','22',NULL,'100028'),('100036',NULL,'participant','6',NULL,'100028'),('100042',NULL,'participant','22',NULL,'100037'),('100045',NULL,'participant','6',NULL,'100037'),('100051',NULL,'participant','22',NULL,'100046'),('100054',NULL,'participant','6',NULL,'100046'),('100060',NULL,'participant','22',NULL,'100055'),('100063',NULL,'participant','6',NULL,'100055'),('100069',NULL,'participant','22',NULL,'100064'),('100072',NULL,'participant','6',NULL,'100064'),('100078',NULL,'participant','22',NULL,'100073'),('100081',NULL,'participant','6',NULL,'100073'),('100087',NULL,'participant','22',NULL,'100082'),('100090',NULL,'participant','6',NULL,'100082'),('100096',NULL,'participant','22',NULL,'100091'),('100099',NULL,'participant','6',NULL,'100091'),('100105',NULL,'participant','22',NULL,'100100'),('100108',NULL,'participant','6',NULL,'100100'),('100114',NULL,'participant','22',NULL,'100109'),('100117',NULL,'participant','6',NULL,'100109'),('100123',NULL,'participant','22',NULL,'100118'),('100126',NULL,'participant','6',NULL,'100118'),('102506',NULL,'participant','1',NULL,'102501'),('102509',NULL,'participant','6',NULL,'102501'),('92648',NULL,'participant','22',NULL,'92643'),('92651',NULL,'participant','9',NULL,'92643'),('95010',NULL,'participant','22',NULL,'95005'),('95013',NULL,'participant','9',NULL,'95005'),('95019',NULL,'participant','22',NULL,'95014'),('95022',NULL,'participant','9',NULL,'95014'),('95028',NULL,'participant','22',NULL,'95023'),('95031',NULL,'participant','9',NULL,'95023'),('95037',NULL,'participant','22',NULL,'95032'),('95040',NULL,'participant','9',NULL,'95032'),('95046',NULL,'participant','22',NULL,'95041'),('95049',NULL,'participant','9',NULL,'95041'),('95055',NULL,'participant','22',NULL,'95050'),('95058',NULL,'participant','9',NULL,'95050'),('95064',NULL,'participant','22',NULL,'95059'),('95067',NULL,'participant','9',NULL,'95059'),('95073',NULL,'participant','22',NULL,'95068'),('95076',NULL,'participant','9',NULL,'95068'),('95082',NULL,'participant','22',NULL,'95077'),('95085',NULL,'participant','9',NULL,'95077'),('95091',NULL,'participant','22',NULL,'95086'),('95094',NULL,'participant','9',NULL,'95086'),('95100',NULL,'participant','22',NULL,'95095'),('95103',NULL,'participant','9',NULL,'95095'),('95173',NULL,'participant','22',NULL,'95168'),('95176',NULL,'participant','9',NULL,'95168'),('95236',NULL,'participant','1',NULL,'95231'),('95239',NULL,'participant','9',NULL,'95231'),('95249',NULL,'participant','22',NULL,'95244'),('95252',NULL,'participant','9',NULL,'95244'),('95258',NULL,'participant','22',NULL,'95253'),('95261',NULL,'participant','9',NULL,'95253'),('95267',NULL,'participant','22',NULL,'95262'),('95270',NULL,'participant','9',NULL,'95262'),('95276',NULL,'participant','1',NULL,'95271'),('95279',NULL,'participant','9',NULL,'95271'),('95285',NULL,'participant','1',NULL,'95280'),('95288',NULL,'participant','9',NULL,'95280'),('95294',NULL,'participant','1',NULL,'95289'),('95297',NULL,'participant','9',NULL,'95289'),('95303',NULL,'participant','1',NULL,'95298'),('95306',NULL,'participant','9',NULL,'95298'),('97506',NULL,'participant','1',NULL,'97501'),('97509',NULL,'participant','9',NULL,'97501'),('97515',NULL,'participant','1',NULL,'97510'),('97518',NULL,'participant','9',NULL,'97510'),('97524',NULL,'participant','1',NULL,'97519'),('97527',NULL,'participant','9',NULL,'97519'),('97533',NULL,'participant','1',NULL,'97528'),('97536',NULL,'participant','9',NULL,'97528'),('97542',NULL,'participant','1',NULL,'97537'),('97545',NULL,'participant','9',NULL,'97537'),('97551',NULL,'participant','1',NULL,'97546'),('97554',NULL,'participant','9',NULL,'97546'),('97560',NULL,'participant','1',NULL,'97555'),('97563',NULL,'participant','9',NULL,'97555'),('97569',NULL,'participant','1',NULL,'97564'),('97572',NULL,'participant','9',NULL,'97564');

/*Table structure for table `act_hi_procinst` */

DROP TABLE IF EXISTS `act_hi_procinst`;

CREATE TABLE `act_hi_procinst` (
  `ID_` varchar(64) COLLATE utf8_bin NOT NULL,
  `PROC_INST_ID_` varchar(64) COLLATE utf8_bin NOT NULL,
  `BUSINESS_KEY_` varchar(255) COLLATE utf8_bin DEFAULT NULL,
  `PROC_DEF_ID_` varchar(64) COLLATE utf8_bin NOT NULL,
  `START_TIME_` datetime(3) NOT NULL,
  `END_TIME_` datetime(3) DEFAULT NULL,
  `DURATION_` bigint(20) DEFAULT NULL,
  `START_USER_ID_` varchar(255) COLLATE utf8_bin DEFAULT NULL,
  `START_ACT_ID_` varchar(255) COLLATE utf8_bin DEFAULT NULL,
  `END_ACT_ID_` varchar(255) COLLATE utf8_bin DEFAULT NULL,
  `SUPER_PROCESS_INSTANCE_ID_` varchar(64) COLLATE utf8_bin DEFAULT NULL,
  `DELETE_REASON_` varchar(4000) COLLATE utf8_bin DEFAULT NULL,
  `TENANT_ID_` varchar(255) COLLATE utf8_bin DEFAULT '',
  `NAME_` varchar(255) COLLATE utf8_bin DEFAULT NULL,
  PRIMARY KEY (`ID_`),
  UNIQUE KEY `PROC_INST_ID_` (`PROC_INST_ID_`),
  KEY `ACT_IDX_HI_PRO_INST_END` (`END_TIME_`),
  KEY `ACT_IDX_HI_PRO_I_BUSKEY` (`BUSINESS_KEY_`)
) ENGINE=InnoDB DEFAULT CHARSET=utf8 COLLATE=utf8_bin;

/*Data for the table `act_hi_procinst` */

insert  into `act_hi_procinst`(`ID_`,`PROC_INST_ID_`,`BUSINESS_KEY_`,`PROC_DEF_ID_`,`START_TIME_`,`END_TIME_`,`DURATION_`,`START_USER_ID_`,`START_ACT_ID_`,`END_ACT_ID_`,`SUPER_PROCESS_INSTANCE_ID_`,`DELETE_REASON_`,`TENANT_ID_`,`NAME_`) values ('100001','100001','b4ce54e9-059d-43a0-bc2a-90f53e0911e5','process:1:82508','2019-01-26 14:12:20.000',NULL,NULL,NULL,'sid-824AAB71-4868-4CF5-940F-DC0441F37DBB',NULL,NULL,NULL,'',NULL),('100019','100019','a100a1a2-0037-4124-8378-31daef1096df','process:1:82508','2019-01-26 14:16:35.000',NULL,NULL,NULL,'sid-824AAB71-4868-4CF5-940F-DC0441F37DBB',NULL,NULL,NULL,'',NULL),('100028','100028','115d93f0-9f53-46c5-bce5-ce2a1b3ad497','process:1:82508','2019-01-26 14:16:49.000',NULL,NULL,NULL,'sid-824AAB71-4868-4CF5-940F-DC0441F37DBB',NULL,NULL,NULL,'',NULL),('100037','100037','55f7cb4a-9cd4-4f65-a6b4-d21029510f71','process:1:82508','2019-01-26 14:16:57.000',NULL,NULL,NULL,'sid-824AAB71-4868-4CF5-940F-DC0441F37DBB',NULL,NULL,NULL,'',NULL),('100046','100046','b3a76aa1-cd66-47d1-98d8-7e42f0ef1031','process:1:82508','2019-01-26 14:17:04.000',NULL,NULL,NULL,'sid-824AAB71-4868-4CF5-940F-DC0441F37DBB',NULL,NULL,NULL,'',NULL),('100055','100055','bd569f72-ef70-4a47-8d2e-9e38d77cdbc7','process:1:82508','2019-01-26 14:17:11.000',NULL,NULL,NULL,'sid-824AAB71-4868-4CF5-940F-DC0441F37DBB',NULL,NULL,NULL,'',NULL),('100064','100064','5bfd6277-2720-4e35-b683-e8425d0292a2','process:1:82508','2019-01-26 14:17:23.000',NULL,NULL,NULL,'sid-824AAB71-4868-4CF5-940F-DC0441F37DBB',NULL,NULL,NULL,'',NULL),('100073','100073','f3db286e-8067-47cd-ab7c-1641caf4f786','process:1:82508','2019-01-26 14:17:32.000','2019-01-26 14:19:46.000',134052,NULL,'sid-824AAB71-4868-4CF5-940F-DC0441F37DBB',NULL,NULL,'提交人主动撤销','',NULL),('100082','100082','aea83dc4-4751-4c11-8de4-9667a8036470','process:1:82508','2019-01-26 14:17:40.000',NULL,NULL,NULL,'sid-824AAB71-4868-4CF5-940F-DC0441F37DBB',NULL,NULL,NULL,'',NULL),('100091','100091','21d2d3bc-2e09-44b7-821d-894f865e6039','process:1:82508','2019-01-26 14:17:47.000',NULL,NULL,NULL,'sid-824AAB71-4868-4CF5-940F-DC0441F37DBB',NULL,NULL,NULL,'',NULL),('100100','100100','f7906815-ecd6-4591-8131-f3274b198dfb','process:1:82508','2019-01-26 14:17:55.000','2019-01-26 14:19:44.000',109587,NULL,'sid-824AAB71-4868-4CF5-940F-DC0441F37DBB',NULL,NULL,'提交人主动撤销','',NULL),('100109','100109','f48f1e34-f723-4bab-8d92-398938247270','process:1:82508','2019-01-26 14:18:04.000','2019-01-26 14:19:45.000',101316,NULL,'sid-824AAB71-4868-4CF5-940F-DC0441F37DBB',NULL,NULL,'提交人主动撤销','',NULL),('100118','100118','3399f2dc-3f3f-490f-9178-7acb009e2fab','process:1:82508','2019-01-26 14:18:12.000',NULL,NULL,NULL,'sid-824AAB71-4868-4CF5-940F-DC0441F37DBB',NULL,NULL,NULL,'',NULL),('102501','102501','6fe5edba-745c-4733-a985-25da2fbf78fb','process:1:82508','2019-01-26 15:46:04.000',NULL,NULL,NULL,'sid-824AAB71-4868-4CF5-940F-DC0441F37DBB',NULL,NULL,NULL,'',NULL),('92643','92643','9e8f21cf-8c6c-4e4a-87f5-f8d597dec82c','process:1:82508','2019-01-26 13:29:01.000','2019-01-26 13:30:53.000',112311,NULL,'sid-824AAB71-4868-4CF5-940F-DC0441F37DBB','sid-10FB91C2-8745-4417-B80C-B626C47B038C',NULL,NULL,'',NULL),('95005','95005','d16485d1-900a-4c09-a33d-0ca180d70702','process:1:82508','2019-01-26 13:32:00.000','2019-01-26 13:36:08.000',248806,NULL,'sid-824AAB71-4868-4CF5-940F-DC0441F37DBB','sid-10FB91C2-8745-4417-B80C-B626C47B038C',NULL,NULL,'',NULL),('95014','95014','597123de-c64e-42c7-99c0-77b068357255','process:1:82508','2019-01-26 13:32:34.000','2019-01-26 13:43:38.000',664807,NULL,'sid-824AAB71-4868-4CF5-940F-DC0441F37DBB','sid-10FB91C2-8745-4417-B80C-B626C47B038C',NULL,NULL,'',NULL),('95023','95023','145ec89b-8dd4-4baa-b30c-05b1dfbb6fb0','process:1:82508','2019-01-26 13:32:54.000','2019-01-26 13:43:41.000',647938,NULL,'sid-824AAB71-4868-4CF5-940F-DC0441F37DBB','sid-10FB91C2-8745-4417-B80C-B626C47B038C',NULL,NULL,'',NULL),('95032','95032','5efc5e30-e3af-46ef-8f5a-dbb5ddabd22b','process:1:82508','2019-01-26 13:33:05.000','2019-01-26 13:43:37.000',632663,NULL,'sid-824AAB71-4868-4CF5-940F-DC0441F37DBB','sid-10FB91C2-8745-4417-B80C-B626C47B038C',NULL,NULL,'',NULL),('95041','95041','e1787f34-d546-4b8e-9985-1648af6d384c','process:1:82508','2019-01-26 13:33:15.000','2019-01-26 13:43:33.000',618637,NULL,'sid-824AAB71-4868-4CF5-940F-DC0441F37DBB','sid-10FB91C2-8745-4417-B80C-B626C47B038C',NULL,NULL,'',NULL),('95050','95050','3f348315-63bd-4e6a-a023-8d916423e2f7','process:1:82508','2019-01-26 13:33:27.000','2019-01-26 13:43:39.000',612296,NULL,'sid-824AAB71-4868-4CF5-940F-DC0441F37DBB','sid-10FB91C2-8745-4417-B80C-B626C47B038C',NULL,NULL,'',NULL),('95059','95059','5e8b5756-6bdb-4259-802b-240fa162ba90','process:1:82508','2019-01-26 13:33:42.000','2019-01-26 13:43:38.000',596239,NULL,'sid-824AAB71-4868-4CF5-940F-DC0441F37DBB','sid-10FB91C2-8745-4417-B80C-B626C47B038C',NULL,NULL,'',NULL),('95068','95068','b4187522-97c5-4d5d-bc5e-0803f6253ce0','process:1:82508','2019-01-26 13:34:05.000','2019-01-26 13:43:42.000',577570,NULL,'sid-824AAB71-4868-4CF5-940F-DC0441F37DBB','sid-10FB91C2-8745-4417-B80C-B626C47B038C',NULL,NULL,'',NULL),('95077','95077','3eaa72ed-74d2-4cfe-98d0-a189148bff23','process:1:82508','2019-01-26 13:34:16.000','2019-01-26 13:43:39.000',563769,NULL,'sid-824AAB71-4868-4CF5-940F-DC0441F37DBB','sid-10FB91C2-8745-4417-B80C-B626C47B038C',NULL,NULL,'',NULL),('95086','95086','39bf7b79-cc41-4b01-a692-c5b2d0f8b512','process:1:82508','2019-01-26 13:34:30.000','2019-01-26 13:43:40.000',550333,NULL,'sid-824AAB71-4868-4CF5-940F-DC0441F37DBB','sid-10FB91C2-8745-4417-B80C-B626C47B038C',NULL,NULL,'',NULL),('95095','95095','3104938d-9e4b-48e1-b367-8c7564241537','process:1:82508','2019-01-26 13:34:48.000','2019-01-26 13:43:40.000',532822,NULL,'sid-824AAB71-4868-4CF5-940F-DC0441F37DBB','sid-10FB91C2-8745-4417-B80C-B626C47B038C',NULL,NULL,'',NULL),('95168','95168','80941284-6a00-4dc7-bd9b-915ee6f5e96a','process:1:82508','2019-01-26 13:37:56.000','2019-01-26 13:43:36.000',340967,NULL,'sid-824AAB71-4868-4CF5-940F-DC0441F37DBB','sid-10FB91C2-8745-4417-B80C-B626C47B038C',NULL,NULL,'',NULL),('95231','95231','d0224566-c4f9-4233-b674-f4721dfcfae1','process:1:82508','2019-01-26 13:44:51.000','2019-01-26 13:44:59.000',8184,NULL,'sid-824AAB71-4868-4CF5-940F-DC0441F37DBB','sid-10FB91C2-8745-4417-B80C-B626C47B038C',NULL,NULL,'',NULL),('95244','95244','e1a2bded-0aac-4eca-9ba9-f594ffc0c737','process:1:82508','2019-01-26 13:46:10.000','2019-01-26 14:01:25.000',915412,NULL,'sid-824AAB71-4868-4CF5-940F-DC0441F37DBB','sid-10FB91C2-8745-4417-B80C-B626C47B038C',NULL,NULL,'',NULL),('95253','95253','cf5ad16c-cd01-48c9-9e91-5e9661e0da36','process:1:82508','2019-01-26 13:46:18.000','2019-01-26 14:19:49.000',2011046,NULL,'sid-824AAB71-4868-4CF5-940F-DC0441F37DBB',NULL,NULL,'提交人主动撤销','',NULL),('95262','95262','9abfb2dd-7a24-4380-b10f-b9e4d940488b','process:1:82508','2019-01-26 13:46:59.000',NULL,NULL,NULL,'sid-824AAB71-4868-4CF5-940F-DC0441F37DBB',NULL,NULL,NULL,'',NULL),('95271','95271','07a773eb-dc51-4b5e-8b13-9e78967f9253','process:1:82508','2019-01-26 13:47:38.000','2019-02-12 13:43:02.000',1468524694,NULL,'sid-824AAB71-4868-4CF5-940F-DC0441F37DBB',NULL,NULL,'提交人主动撤销','',NULL),('95280','95280','5fd1a916-cdbb-4734-9286-5d971cdf3015','process:1:82508','2019-01-26 13:47:47.000',NULL,NULL,NULL,'sid-824AAB71-4868-4CF5-940F-DC0441F37DBB',NULL,NULL,NULL,'',NULL),('95289','95289','9869963d-436b-4b35-b549-ba1e353f8948','process:1:82508','2019-01-26 13:47:57.000',NULL,NULL,NULL,'sid-824AAB71-4868-4CF5-940F-DC0441F37DBB',NULL,NULL,NULL,'',NULL),('95298','95298','cf22a03d-8af0-402c-a5d7-16954d9b8d54','process:1:82508','2019-01-26 13:48:11.000','2019-01-26 15:46:19.000',7088655,NULL,'sid-824AAB71-4868-4CF5-940F-DC0441F37DBB',NULL,NULL,'提交人主动撤销','',NULL),('97501','97501','4e6bbbf0-8f32-4481-a943-6a7de0f74a85','process:1:82508','2019-01-26 13:57:43.000',NULL,NULL,NULL,'sid-824AAB71-4868-4CF5-940F-DC0441F37DBB',NULL,NULL,NULL,'',NULL),('97510','97510','53f9af2d-f682-4034-87ea-2c72698a2d24','process:1:82508','2019-01-26 13:58:15.000',NULL,NULL,NULL,'sid-824AAB71-4868-4CF5-940F-DC0441F37DBB',NULL,NULL,NULL,'',NULL),('97519','97519','947087cf-18bd-4282-baaf-e39b86f625f3','process:1:82508','2019-01-26 13:58:41.000',NULL,NULL,NULL,'sid-824AAB71-4868-4CF5-940F-DC0441F37DBB',NULL,NULL,NULL,'',NULL),('97528','97528','0d85f799-12a4-41c1-ad3a-27bcba48ed6e','process:1:82508','2019-01-26 13:58:57.000',NULL,NULL,NULL,'sid-824AAB71-4868-4CF5-940F-DC0441F37DBB',NULL,NULL,NULL,'',NULL),('97537','97537','49ed1d0d-f8ce-446c-86de-f0b6e5106473','process:1:82508','2019-01-26 13:59:29.000','2019-01-26 14:02:55.000',206479,NULL,'sid-824AAB71-4868-4CF5-940F-DC0441F37DBB','sid-10FB91C2-8745-4417-B80C-B626C47B038C',NULL,NULL,'',NULL),('97546','97546','fbc656ce-a80d-40ca-9fa7-e29f34334f72','process:1:82508','2019-01-26 13:59:51.000','2019-01-26 15:41:57.000',6126623,NULL,'sid-824AAB71-4868-4CF5-940F-DC0441F37DBB',NULL,NULL,'提交人主动撤销','',NULL),('97555','97555','386a1a47-c2bb-46be-ae18-d5ac9024c826','process:1:82508','2019-01-26 14:00:04.000',NULL,NULL,NULL,'sid-824AAB71-4868-4CF5-940F-DC0441F37DBB',NULL,NULL,NULL,'',NULL),('97564','97564','f8532bbf-9f21-4bc0-af25-dd3107c12b57','process:1:82508','2019-01-26 14:00:15.000','2019-01-26 15:41:59.000',6104922,NULL,'sid-824AAB71-4868-4CF5-940F-DC0441F37DBB',NULL,NULL,'提交人主动撤销','',NULL);

/*Table structure for table `act_hi_taskinst` */

DROP TABLE IF EXISTS `act_hi_taskinst`;

CREATE TABLE `act_hi_taskinst` (
  `ID_` varchar(64) COLLATE utf8_bin NOT NULL,
  `PROC_DEF_ID_` varchar(64) COLLATE utf8_bin DEFAULT NULL,
  `TASK_DEF_KEY_` varchar(255) COLLATE utf8_bin DEFAULT NULL,
  `PROC_INST_ID_` varchar(64) COLLATE utf8_bin DEFAULT NULL,
  `EXECUTION_ID_` varchar(64) COLLATE utf8_bin DEFAULT NULL,
  `NAME_` varchar(255) COLLATE utf8_bin DEFAULT NULL,
  `PARENT_TASK_ID_` varchar(64) COLLATE utf8_bin DEFAULT NULL,
  `DESCRIPTION_` varchar(4000) COLLATE utf8_bin DEFAULT NULL,
  `OWNER_` varchar(255) COLLATE utf8_bin DEFAULT NULL,
  `ASSIGNEE_` varchar(255) COLLATE utf8_bin DEFAULT NULL,
  `START_TIME_` datetime(3) NOT NULL,
  `CLAIM_TIME_` datetime(3) DEFAULT NULL,
  `END_TIME_` datetime(3) DEFAULT NULL,
  `DURATION_` bigint(20) DEFAULT NULL,
  `DELETE_REASON_` varchar(4000) COLLATE utf8_bin DEFAULT NULL,
  `PRIORITY_` int(11) DEFAULT NULL,
  `DUE_DATE_` datetime(3) DEFAULT NULL,
  `FORM_KEY_` varchar(255) COLLATE utf8_bin DEFAULT NULL,
  `CATEGORY_` varchar(255) COLLATE utf8_bin DEFAULT NULL,
  `TENANT_ID_` varchar(255) COLLATE utf8_bin DEFAULT '',
  PRIMARY KEY (`ID_`),
  KEY `ACT_IDX_HI_TASK_INST_PROCINST` (`PROC_INST_ID_`)
) ENGINE=InnoDB DEFAULT CHARSET=utf8 COLLATE=utf8_bin;

/*Data for the table `act_hi_taskinst` */

insert  into `act_hi_taskinst`(`ID_`,`PROC_DEF_ID_`,`TASK_DEF_KEY_`,`PROC_INST_ID_`,`EXECUTION_ID_`,`NAME_`,`PARENT_TASK_ID_`,`DESCRIPTION_`,`OWNER_`,`ASSIGNEE_`,`START_TIME_`,`CLAIM_TIME_`,`END_TIME_`,`DURATION_`,`DELETE_REASON_`,`PRIORITY_`,`DUE_DATE_`,`FORM_KEY_`,`CATEGORY_`,`TENANT_ID_`) values ('100005','process:1:82508','sid-0F2C513A-31D1-4D3D-BA2B-4C4DFB6DB4C4','100001','100001',NULL,NULL,NULL,NULL,'1','2019-01-26 14:12:20.000','2019-01-26 14:12:20.000','2019-01-26 14:12:20.000',94,'completed',50,NULL,NULL,NULL,''),('100008','process:1:82508','sid-9DCE1851-A5DD-4287-84E7-3DF1B6D5978D','100001','100001',NULL,NULL,NULL,NULL,'8','2019-01-26 14:12:20.000','2019-01-26 14:12:20.000','2019-01-26 14:13:03.000',43605,'completed',50,NULL,NULL,NULL,''),('100015','process:1:82508','sid-0F2C513A-31D1-4D3D-BA2B-4C4DFB6DB4C4','100001','100001',NULL,NULL,NULL,NULL,'1','2019-01-26 14:13:03.000','2019-01-26 14:15:12.000','2019-01-26 14:15:12.000',129934,'completed',50,NULL,NULL,NULL,''),('100017','process:1:82508','sid-9DCE1851-A5DD-4287-84E7-3DF1B6D5978D','100001','100001',NULL,NULL,NULL,NULL,'6','2019-01-26 14:15:12.000','2019-01-26 14:15:12.000',NULL,NULL,NULL,50,NULL,NULL,NULL,''),('100023','process:1:82508','sid-0F2C513A-31D1-4D3D-BA2B-4C4DFB6DB4C4','100019','100019',NULL,NULL,NULL,NULL,'22','2019-01-26 14:16:35.000','2019-01-26 14:16:35.000','2019-01-26 14:16:35.000',969,'completed',50,NULL,NULL,NULL,''),('100026','process:1:82508','sid-9DCE1851-A5DD-4287-84E7-3DF1B6D5978D','100019','100019',NULL,NULL,NULL,NULL,'6','2019-01-26 14:16:35.000','2019-01-26 14:16:35.000',NULL,NULL,NULL,50,NULL,NULL,NULL,''),('100032','process:1:82508','sid-0F2C513A-31D1-4D3D-BA2B-4C4DFB6DB4C4','100028','100028',NULL,NULL,NULL,NULL,'22','2019-01-26 14:16:49.000','2019-01-26 14:16:49.000','2019-01-26 14:16:49.000',111,'completed',50,NULL,NULL,NULL,''),('100035','process:1:82508','sid-9DCE1851-A5DD-4287-84E7-3DF1B6D5978D','100028','100028',NULL,NULL,NULL,NULL,'6','2019-01-26 14:16:49.000','2019-01-26 14:16:49.000',NULL,NULL,NULL,50,NULL,NULL,NULL,''),('100041','process:1:82508','sid-0F2C513A-31D1-4D3D-BA2B-4C4DFB6DB4C4','100037','100037',NULL,NULL,NULL,NULL,'22','2019-01-26 14:16:57.000','2019-01-26 14:16:57.000','2019-01-26 14:16:57.000',460,'completed',50,NULL,NULL,NULL,''),('100044','process:1:82508','sid-9DCE1851-A5DD-4287-84E7-3DF1B6D5978D','100037','100037',NULL,NULL,NULL,NULL,'6','2019-01-26 14:16:57.000','2019-01-26 14:16:57.000',NULL,NULL,NULL,50,NULL,NULL,NULL,''),('100050','process:1:82508','sid-0F2C513A-31D1-4D3D-BA2B-4C4DFB6DB4C4','100046','100046',NULL,NULL,NULL,NULL,'22','2019-01-26 14:17:04.000','2019-01-26 14:17:04.000','2019-01-26 14:17:04.000',661,'completed',50,NULL,NULL,NULL,''),('100053','process:1:82508','sid-9DCE1851-A5DD-4287-84E7-3DF1B6D5978D','100046','100046',NULL,NULL,NULL,NULL,'6','2019-01-26 14:17:04.000','2019-01-26 14:17:04.000',NULL,NULL,NULL,50,NULL,NULL,NULL,''),('100059','process:1:82508','sid-0F2C513A-31D1-4D3D-BA2B-4C4DFB6DB4C4','100055','100055',NULL,NULL,NULL,NULL,'22','2019-01-26 14:17:11.000','2019-01-26 14:17:11.000','2019-01-26 14:17:11.000',133,'completed',50,NULL,NULL,NULL,''),('100062','process:1:82508','sid-9DCE1851-A5DD-4287-84E7-3DF1B6D5978D','100055','100055',NULL,NULL,NULL,NULL,'6','2019-01-26 14:17:11.000','2019-01-26 14:17:11.000',NULL,NULL,NULL,50,NULL,NULL,NULL,''),('100068','process:1:82508','sid-0F2C513A-31D1-4D3D-BA2B-4C4DFB6DB4C4','100064','100064',NULL,NULL,NULL,NULL,'22','2019-01-26 14:17:23.000','2019-01-26 14:17:23.000','2019-01-26 14:17:23.000',95,'completed',50,NULL,NULL,NULL,''),('100071','process:1:82508','sid-9DCE1851-A5DD-4287-84E7-3DF1B6D5978D','100064','100064',NULL,NULL,NULL,NULL,'6','2019-01-26 14:17:23.000','2019-01-26 14:17:23.000',NULL,NULL,NULL,50,NULL,NULL,NULL,''),('100077','process:1:82508','sid-0F2C513A-31D1-4D3D-BA2B-4C4DFB6DB4C4','100073','100073',NULL,NULL,NULL,NULL,'22','2019-01-26 14:17:32.000','2019-01-26 14:17:32.000','2019-01-26 14:17:33.000',1004,'completed',50,NULL,NULL,NULL,''),('100080','process:1:82508','sid-9DCE1851-A5DD-4287-84E7-3DF1B6D5978D','100073','100073',NULL,NULL,NULL,NULL,'6','2019-01-26 14:17:33.000','2019-01-26 14:17:33.000','2019-01-26 14:19:46.000',133050,'提交人主动撤销',50,NULL,NULL,NULL,''),('100086','process:1:82508','sid-0F2C513A-31D1-4D3D-BA2B-4C4DFB6DB4C4','100082','100082',NULL,NULL,NULL,NULL,'22','2019-01-26 14:17:40.000','2019-01-26 14:17:40.000','2019-01-26 14:17:40.000',702,'completed',50,NULL,NULL,NULL,''),('100089','process:1:82508','sid-9DCE1851-A5DD-4287-84E7-3DF1B6D5978D','100082','100082',NULL,NULL,NULL,NULL,'6','2019-01-26 14:17:40.000','2019-01-26 14:17:40.000',NULL,NULL,NULL,50,NULL,NULL,NULL,''),('100095','process:1:82508','sid-0F2C513A-31D1-4D3D-BA2B-4C4DFB6DB4C4','100091','100091',NULL,NULL,NULL,NULL,'22','2019-01-26 14:17:47.000','2019-01-26 14:17:47.000','2019-01-26 14:17:47.000',623,'completed',50,NULL,NULL,NULL,''),('100098','process:1:82508','sid-9DCE1851-A5DD-4287-84E7-3DF1B6D5978D','100091','100091',NULL,NULL,NULL,NULL,'6','2019-01-26 14:17:47.000','2019-01-26 14:17:47.000',NULL,NULL,NULL,50,NULL,NULL,NULL,''),('100104','process:1:82508','sid-0F2C513A-31D1-4D3D-BA2B-4C4DFB6DB4C4','100100','100100',NULL,NULL,NULL,NULL,'22','2019-01-26 14:17:55.000','2019-01-26 14:17:55.000','2019-01-26 14:17:55.000',610,'completed',50,NULL,NULL,NULL,''),('100107','process:1:82508','sid-9DCE1851-A5DD-4287-84E7-3DF1B6D5978D','100100','100100',NULL,NULL,NULL,NULL,'6','2019-01-26 14:17:55.000','2019-01-26 14:17:55.000','2019-01-26 14:19:44.000',109582,'提交人主动撤销',50,NULL,NULL,NULL,''),('100113','process:1:82508','sid-0F2C513A-31D1-4D3D-BA2B-4C4DFB6DB4C4','100109','100109',NULL,NULL,NULL,NULL,'22','2019-01-26 14:18:04.000','2019-01-26 14:18:04.000','2019-01-26 14:18:04.000',37,'completed',50,NULL,NULL,NULL,''),('100116','process:1:82508','sid-9DCE1851-A5DD-4287-84E7-3DF1B6D5978D','100109','100109',NULL,NULL,NULL,NULL,'6','2019-01-26 14:18:04.000','2019-01-26 14:18:04.000','2019-01-26 14:19:45.000',101314,'提交人主动撤销',50,NULL,NULL,NULL,''),('100122','process:1:82508','sid-0F2C513A-31D1-4D3D-BA2B-4C4DFB6DB4C4','100118','100118',NULL,NULL,NULL,NULL,'22','2019-01-26 14:18:12.000','2019-01-26 14:18:12.000','2019-01-26 14:18:12.000',59,'completed',50,NULL,NULL,NULL,''),('100125','process:1:82508','sid-9DCE1851-A5DD-4287-84E7-3DF1B6D5978D','100118','100118',NULL,NULL,NULL,NULL,'6','2019-01-26 14:18:12.000','2019-01-26 14:18:12.000',NULL,NULL,NULL,50,NULL,NULL,NULL,''),('102505','process:1:82508','sid-0F2C513A-31D1-4D3D-BA2B-4C4DFB6DB4C4','102501','102501',NULL,NULL,NULL,NULL,'1','2019-01-26 15:46:04.000','2019-01-26 15:46:04.000','2019-01-26 15:46:04.000',875,'completed',50,NULL,NULL,NULL,''),('102508','process:1:82508','sid-9DCE1851-A5DD-4287-84E7-3DF1B6D5978D','102501','102501',NULL,NULL,NULL,NULL,'6','2019-01-26 15:46:04.000','2019-01-26 15:46:04.000',NULL,NULL,NULL,50,NULL,NULL,NULL,''),('92647','process:1:82508','sid-0F2C513A-31D1-4D3D-BA2B-4C4DFB6DB4C4','92643','92643',NULL,NULL,NULL,NULL,'22','2019-01-26 13:29:01.000','2019-01-26 13:29:01.000','2019-01-26 13:29:01.000',564,'completed',50,NULL,NULL,NULL,''),('92650','process:1:82508','sid-9DCE1851-A5DD-4287-84E7-3DF1B6D5978D','92643','92643',NULL,NULL,NULL,NULL,'9','2019-01-26 13:29:01.000','2019-01-26 13:29:01.000','2019-01-26 13:30:53.000',112274,'completed',50,NULL,NULL,NULL,''),('95009','process:1:82508','sid-0F2C513A-31D1-4D3D-BA2B-4C4DFB6DB4C4','95005','95005',NULL,NULL,NULL,NULL,'22','2019-01-26 13:32:00.000','2019-01-26 13:32:00.000','2019-01-26 13:32:00.000',110,'completed',50,NULL,NULL,NULL,''),('95012','process:1:82508','sid-9DCE1851-A5DD-4287-84E7-3DF1B6D5978D','95005','95005',NULL,NULL,NULL,NULL,'9','2019-01-26 13:32:00.000','2019-01-26 13:32:00.000','2019-01-26 13:36:08.000',248804,'completed',50,NULL,NULL,NULL,''),('95018','process:1:82508','sid-0F2C513A-31D1-4D3D-BA2B-4C4DFB6DB4C4','95014','95014',NULL,NULL,NULL,NULL,'22','2019-01-26 13:32:34.000','2019-01-26 13:32:34.000','2019-01-26 13:32:34.000',68,'completed',50,NULL,NULL,NULL,''),('95021','process:1:82508','sid-9DCE1851-A5DD-4287-84E7-3DF1B6D5978D','95014','95014',NULL,NULL,NULL,NULL,'9','2019-01-26 13:32:34.000','2019-01-26 13:32:34.000','2019-01-26 13:36:12.000',218024,'completed',50,NULL,NULL,NULL,''),('95027','process:1:82508','sid-0F2C513A-31D1-4D3D-BA2B-4C4DFB6DB4C4','95023','95023',NULL,NULL,NULL,NULL,'22','2019-01-26 13:32:54.000','2019-01-26 13:32:54.000','2019-01-26 13:32:54.000',511,'completed',50,NULL,NULL,NULL,''),('95030','process:1:82508','sid-9DCE1851-A5DD-4287-84E7-3DF1B6D5978D','95023','95023',NULL,NULL,NULL,NULL,'9','2019-01-26 13:32:54.000','2019-01-26 13:32:54.000','2019-01-26 13:35:49.000',175259,'completed',50,NULL,NULL,NULL,''),('95036','process:1:82508','sid-0F2C513A-31D1-4D3D-BA2B-4C4DFB6DB4C4','95032','95032',NULL,NULL,NULL,NULL,'22','2019-01-26 13:33:05.000','2019-01-26 13:33:05.000','2019-01-26 13:33:05.000',259,'completed',50,NULL,NULL,NULL,''),('95039','process:1:82508','sid-9DCE1851-A5DD-4287-84E7-3DF1B6D5978D','95032','95032',NULL,NULL,NULL,NULL,'9','2019-01-26 13:33:05.000','2019-01-26 13:33:05.000','2019-01-26 13:36:14.000',189721,'completed',50,NULL,NULL,NULL,''),('95045','process:1:82508','sid-0F2C513A-31D1-4D3D-BA2B-4C4DFB6DB4C4','95041','95041',NULL,NULL,NULL,NULL,'22','2019-01-26 13:33:15.000','2019-01-26 13:33:15.000','2019-01-26 13:33:15.000',843,'completed',50,NULL,NULL,NULL,''),('95048','process:1:82508','sid-9DCE1851-A5DD-4287-84E7-3DF1B6D5978D','95041','95041',NULL,NULL,NULL,NULL,'9','2019-01-26 13:33:15.000','2019-01-26 13:33:15.000','2019-01-26 13:35:35.000',140549,'completed',50,NULL,NULL,NULL,''),('95054','process:1:82508','sid-0F2C513A-31D1-4D3D-BA2B-4C4DFB6DB4C4','95050','95050',NULL,NULL,NULL,NULL,'22','2019-01-26 13:33:27.000','2019-01-26 13:33:27.000','2019-01-26 13:33:27.000',246,'completed',50,NULL,NULL,NULL,''),('95057','process:1:82508','sid-9DCE1851-A5DD-4287-84E7-3DF1B6D5978D','95050','95050',NULL,NULL,NULL,NULL,'9','2019-01-26 13:33:27.000','2019-01-26 13:33:27.000','2019-01-26 13:35:57.000',150119,'completed',50,NULL,NULL,NULL,''),('95063','process:1:82508','sid-0F2C513A-31D1-4D3D-BA2B-4C4DFB6DB4C4','95059','95059',NULL,NULL,NULL,NULL,'22','2019-01-26 13:33:42.000','2019-01-26 13:33:42.000','2019-01-26 13:33:42.000',467,'completed',50,NULL,NULL,NULL,''),('95066','process:1:82508','sid-9DCE1851-A5DD-4287-84E7-3DF1B6D5978D','95059','95059',NULL,NULL,NULL,NULL,'9','2019-01-26 13:33:42.000','2019-01-26 13:33:42.000','2019-01-26 13:36:03.000',141942,'completed',50,NULL,NULL,NULL,''),('95072','process:1:82508','sid-0F2C513A-31D1-4D3D-BA2B-4C4DFB6DB4C4','95068','95068',NULL,NULL,NULL,NULL,'22','2019-01-26 13:34:05.000','2019-01-26 13:34:05.000','2019-01-26 13:34:05.000',103,'completed',50,NULL,NULL,NULL,''),('95075','process:1:82508','sid-9DCE1851-A5DD-4287-84E7-3DF1B6D5978D','95068','95068',NULL,NULL,NULL,NULL,'9','2019-01-26 13:34:05.000','2019-01-26 13:34:05.000','2019-01-26 13:35:46.000',101491,'completed',50,NULL,NULL,NULL,''),('95081','process:1:82508','sid-0F2C513A-31D1-4D3D-BA2B-4C4DFB6DB4C4','95077','95077',NULL,NULL,NULL,NULL,'22','2019-01-26 13:34:16.000','2019-01-26 13:34:16.000','2019-01-26 13:34:16.000',219,'completed',50,NULL,NULL,NULL,''),('95084','process:1:82508','sid-9DCE1851-A5DD-4287-84E7-3DF1B6D5978D','95077','95077',NULL,NULL,NULL,NULL,'9','2019-01-26 13:34:16.000','2019-01-26 13:34:16.000','2019-01-26 13:36:01.000',105013,'completed',50,NULL,NULL,NULL,''),('95090','process:1:82508','sid-0F2C513A-31D1-4D3D-BA2B-4C4DFB6DB4C4','95086','95086',NULL,NULL,NULL,NULL,'22','2019-01-26 13:34:30.000','2019-01-26 13:34:30.000','2019-01-26 13:34:30.000',422,'completed',50,NULL,NULL,NULL,''),('95093','process:1:82508','sid-9DCE1851-A5DD-4287-84E7-3DF1B6D5978D','95086','95086',NULL,NULL,NULL,NULL,'9','2019-01-26 13:34:30.000','2019-01-26 13:34:30.000','2019-01-26 13:35:54.000',84584,'completed',50,NULL,NULL,NULL,''),('95099','process:1:82508','sid-0F2C513A-31D1-4D3D-BA2B-4C4DFB6DB4C4','95095','95095',NULL,NULL,NULL,NULL,'22','2019-01-26 13:34:48.000','2019-01-26 13:34:48.000','2019-01-26 13:34:48.000',742,'completed',50,NULL,NULL,NULL,''),('95102','process:1:82508','sid-9DCE1851-A5DD-4287-84E7-3DF1B6D5978D','95095','95095',NULL,NULL,NULL,NULL,'9','2019-01-26 13:34:48.000','2019-01-26 13:34:48.000','2019-01-26 13:35:51.000',63947,'completed',50,NULL,NULL,NULL,''),('95109','process:1:82508','sid-0F2C513A-31D1-4D3D-BA2B-4C4DFB6DB4C4','95041','95041',NULL,NULL,NULL,NULL,'22','2019-01-26 13:35:35.000','2019-01-26 13:43:20.000','2019-01-26 13:43:20.000',465346,'completed',50,NULL,NULL,NULL,''),('95115','process:1:82508','sid-0F2C513A-31D1-4D3D-BA2B-4C4DFB6DB4C4','95068','95068',NULL,NULL,NULL,NULL,'22','2019-01-26 13:35:46.000','2019-01-26 13:38:50.000','2019-01-26 13:38:50.000',184350,'completed',50,NULL,NULL,NULL,''),('95121','process:1:82508','sid-0F2C513A-31D1-4D3D-BA2B-4C4DFB6DB4C4','95023','95023',NULL,NULL,NULL,NULL,'22','2019-01-26 13:35:49.000','2019-01-26 13:38:23.000','2019-01-26 13:38:23.000',154084,'completed',50,NULL,NULL,NULL,''),('95127','process:1:82508','sid-0F2C513A-31D1-4D3D-BA2B-4C4DFB6DB4C4','95095','95095',NULL,NULL,NULL,NULL,'22','2019-01-26 13:35:51.000','2019-01-26 13:38:26.000','2019-01-26 13:38:26.000',155487,'completed',50,NULL,NULL,NULL,''),('95133','process:1:82508','sid-0F2C513A-31D1-4D3D-BA2B-4C4DFB6DB4C4','95086','95086',NULL,NULL,NULL,NULL,'22','2019-01-26 13:35:54.000','2019-01-26 13:38:30.000','2019-01-26 13:38:30.000',156750,'completed',50,NULL,NULL,NULL,''),('95139','process:1:82508','sid-0F2C513A-31D1-4D3D-BA2B-4C4DFB6DB4C4','95050','95050',NULL,NULL,NULL,NULL,'22','2019-01-26 13:35:57.000','2019-01-26 13:38:39.000','2019-01-26 13:38:39.000',162644,'completed',50,NULL,NULL,NULL,''),('95145','process:1:82508','sid-0F2C513A-31D1-4D3D-BA2B-4C4DFB6DB4C4','95077','95077',NULL,NULL,NULL,NULL,'22','2019-01-26 13:36:01.000','2019-01-26 13:38:34.000','2019-01-26 13:38:34.000',153126,'completed',50,NULL,NULL,NULL,''),('95151','process:1:82508','sid-0F2C513A-31D1-4D3D-BA2B-4C4DFB6DB4C4','95059','95059',NULL,NULL,NULL,NULL,'22','2019-01-26 13:36:03.000','2019-01-26 13:39:48.000','2019-01-26 13:39:48.000',225517,'completed',50,NULL,NULL,NULL,''),('95161','process:1:82508','sid-0F2C513A-31D1-4D3D-BA2B-4C4DFB6DB4C4','95014','95014',NULL,NULL,NULL,NULL,'22','2019-01-26 13:36:12.000','2019-01-26 13:38:43.000','2019-01-26 13:38:43.000',151933,'completed',50,NULL,NULL,NULL,''),('95167','process:1:82508','sid-0F2C513A-31D1-4D3D-BA2B-4C4DFB6DB4C4','95032','95032',NULL,NULL,NULL,NULL,'22','2019-01-26 13:36:14.000','2019-01-26 13:38:19.000','2019-01-26 13:38:19.000',125909,'completed',50,NULL,NULL,NULL,''),('95172','process:1:82508','sid-0F2C513A-31D1-4D3D-BA2B-4C4DFB6DB4C4','95168','95168',NULL,NULL,NULL,NULL,'22','2019-01-26 13:37:56.000','2019-01-26 13:37:56.000','2019-01-26 13:37:56.000',43,'completed',50,NULL,NULL,NULL,''),('95175','process:1:82508','sid-9DCE1851-A5DD-4287-84E7-3DF1B6D5978D','95168','95168',NULL,NULL,NULL,NULL,'9','2019-01-26 13:37:56.000','2019-01-26 13:37:56.000','2019-01-26 13:43:36.000',340966,'completed',50,NULL,NULL,NULL,''),('95178','process:1:82508','sid-9DCE1851-A5DD-4287-84E7-3DF1B6D5978D','95032','95032',NULL,NULL,NULL,NULL,'9','2019-01-26 13:38:19.000','2019-01-26 13:38:19.000','2019-01-26 13:43:37.000',318662,'completed',50,NULL,NULL,NULL,''),('95180','process:1:82508','sid-9DCE1851-A5DD-4287-84E7-3DF1B6D5978D','95023','95023',NULL,NULL,NULL,NULL,'9','2019-01-26 13:38:23.000','2019-01-26 13:38:23.000','2019-01-26 13:43:41.000',318936,'completed',50,NULL,NULL,NULL,''),('95182','process:1:82508','sid-9DCE1851-A5DD-4287-84E7-3DF1B6D5978D','95095','95095',NULL,NULL,NULL,NULL,'9','2019-01-26 13:38:26.000','2019-01-26 13:38:26.000','2019-01-26 13:43:40.000',314821,'completed',50,NULL,NULL,NULL,''),('95184','process:1:82508','sid-9DCE1851-A5DD-4287-84E7-3DF1B6D5978D','95086','95086',NULL,NULL,NULL,NULL,'9','2019-01-26 13:38:30.000','2019-01-26 13:38:30.000','2019-01-26 13:43:40.000',310331,'completed',50,NULL,NULL,NULL,''),('95186','process:1:82508','sid-9DCE1851-A5DD-4287-84E7-3DF1B6D5978D','95077','95077',NULL,NULL,NULL,NULL,'9','2019-01-26 13:38:34.000','2019-01-26 13:38:34.000','2019-01-26 13:43:39.000',305768,'completed',50,NULL,NULL,NULL,''),('95188','process:1:82508','sid-9DCE1851-A5DD-4287-84E7-3DF1B6D5978D','95050','95050',NULL,NULL,NULL,NULL,'9','2019-01-26 13:38:39.000','2019-01-26 13:38:39.000','2019-01-26 13:43:39.000',300294,'completed',50,NULL,NULL,NULL,''),('95190','process:1:82508','sid-9DCE1851-A5DD-4287-84E7-3DF1B6D5978D','95014','95014',NULL,NULL,NULL,NULL,'9','2019-01-26 13:38:43.000','2019-01-26 13:38:43.000','2019-01-26 13:43:38.000',295806,'completed',50,NULL,NULL,NULL,''),('95192','process:1:82508','sid-9DCE1851-A5DD-4287-84E7-3DF1B6D5978D','95068','95068',NULL,NULL,NULL,NULL,'9','2019-01-26 13:38:50.000','2019-01-26 13:38:50.000','2019-01-26 13:43:42.000',292569,'completed',50,NULL,NULL,NULL,''),('95194','process:1:82508','sid-9DCE1851-A5DD-4287-84E7-3DF1B6D5978D','95059','95059',NULL,NULL,NULL,NULL,'9','2019-01-26 13:39:48.000','2019-01-26 13:39:48.000','2019-01-26 13:43:38.000',230238,'completed',50,NULL,NULL,NULL,''),('95196','process:1:82508','sid-9DCE1851-A5DD-4287-84E7-3DF1B6D5978D','95041','95041',NULL,NULL,NULL,NULL,'9','2019-01-26 13:43:20.000','2019-01-26 13:43:20.000','2019-01-26 13:43:33.000',13635,'completed',50,NULL,NULL,NULL,''),('95235','process:1:82508','sid-0F2C513A-31D1-4D3D-BA2B-4C4DFB6DB4C4','95231','95231',NULL,NULL,NULL,NULL,'1','2019-01-26 13:44:51.000','2019-01-26 13:44:51.000','2019-01-26 13:44:51.000',88,'completed',50,NULL,NULL,NULL,''),('95238','process:1:82508','sid-9DCE1851-A5DD-4287-84E7-3DF1B6D5978D','95231','95231',NULL,NULL,NULL,NULL,'9','2019-01-26 13:44:51.000','2019-01-26 13:44:51.000','2019-01-26 13:44:59.000',8183,'completed',50,NULL,NULL,NULL,''),('95248','process:1:82508','sid-0F2C513A-31D1-4D3D-BA2B-4C4DFB6DB4C4','95244','95244',NULL,NULL,NULL,NULL,'22','2019-01-26 13:46:10.000','2019-01-26 13:46:10.000','2019-01-26 13:46:10.000',172,'completed',50,NULL,NULL,NULL,''),('95251','process:1:82508','sid-9DCE1851-A5DD-4287-84E7-3DF1B6D5978D','95244','95244',NULL,NULL,NULL,NULL,'9','2019-01-26 13:46:10.000','2019-01-26 13:46:10.000','2019-01-26 14:01:25.000',915389,'completed',50,NULL,NULL,NULL,''),('95257','process:1:82508','sid-0F2C513A-31D1-4D3D-BA2B-4C4DFB6DB4C4','95253','95253',NULL,NULL,NULL,NULL,'22','2019-01-26 13:46:18.000','2019-01-26 13:46:18.000','2019-01-26 13:46:18.000',908,'completed',50,NULL,NULL,NULL,''),('95260','process:1:82508','sid-9DCE1851-A5DD-4287-84E7-3DF1B6D5978D','95253','95253',NULL,NULL,NULL,NULL,'9','2019-01-26 13:46:18.000','2019-01-26 13:46:18.000','2019-01-26 14:19:49.000',2011043,'提交人主动撤销',50,NULL,NULL,NULL,''),('95266','process:1:82508','sid-0F2C513A-31D1-4D3D-BA2B-4C4DFB6DB4C4','95262','95262',NULL,NULL,NULL,NULL,'22','2019-01-26 13:46:59.000','2019-01-26 13:46:59.000','2019-01-26 13:46:59.000',739,'completed',50,NULL,NULL,NULL,''),('95269','process:1:82508','sid-9DCE1851-A5DD-4287-84E7-3DF1B6D5978D','95262','95262',NULL,NULL,NULL,NULL,'9','2019-01-26 13:46:59.000','2019-01-26 13:46:59.000',NULL,NULL,NULL,50,NULL,NULL,NULL,''),('95275','process:1:82508','sid-0F2C513A-31D1-4D3D-BA2B-4C4DFB6DB4C4','95271','95271',NULL,NULL,NULL,NULL,'1','2019-01-26 13:47:38.000','2019-01-26 13:47:38.000','2019-01-26 13:47:38.000',643,'completed',50,NULL,NULL,NULL,''),('95278','process:1:82508','sid-9DCE1851-A5DD-4287-84E7-3DF1B6D5978D','95271','95271',NULL,NULL,NULL,NULL,'9','2019-01-26 13:47:38.000','2019-01-26 13:47:38.000','2019-02-12 13:43:02.000',1468524667,'提交人主动撤销',50,NULL,NULL,NULL,''),('95284','process:1:82508','sid-0F2C513A-31D1-4D3D-BA2B-4C4DFB6DB4C4','95280','95280',NULL,NULL,NULL,NULL,'1','2019-01-26 13:47:47.000','2019-01-26 13:47:47.000','2019-01-26 13:47:47.000',556,'completed',50,NULL,NULL,NULL,''),('95287','process:1:82508','sid-9DCE1851-A5DD-4287-84E7-3DF1B6D5978D','95280','95280',NULL,NULL,NULL,NULL,'9','2019-01-26 13:47:47.000','2019-01-26 13:47:47.000',NULL,NULL,NULL,50,NULL,NULL,NULL,''),('95293','process:1:82508','sid-0F2C513A-31D1-4D3D-BA2B-4C4DFB6DB4C4','95289','95289',NULL,NULL,NULL,NULL,'1','2019-01-26 13:47:57.000','2019-01-26 13:47:57.000','2019-01-26 13:47:57.000',758,'completed',50,NULL,NULL,NULL,''),('95296','process:1:82508','sid-9DCE1851-A5DD-4287-84E7-3DF1B6D5978D','95289','95289',NULL,NULL,NULL,NULL,'9','2019-01-26 13:47:57.000','2019-01-26 13:47:57.000',NULL,NULL,NULL,50,NULL,NULL,NULL,''),('95302','process:1:82508','sid-0F2C513A-31D1-4D3D-BA2B-4C4DFB6DB4C4','95298','95298',NULL,NULL,NULL,NULL,'1','2019-01-26 13:48:11.000','2019-01-26 13:48:11.000','2019-01-26 13:48:11.000',332,'completed',50,NULL,NULL,NULL,''),('95305','process:1:82508','sid-9DCE1851-A5DD-4287-84E7-3DF1B6D5978D','95298','95298',NULL,NULL,NULL,NULL,'9','2019-01-26 13:48:11.000','2019-01-26 13:48:11.000','2019-01-26 15:46:19.000',7088650,'提交人主动撤销',50,NULL,NULL,NULL,''),('97505','process:1:82508','sid-0F2C513A-31D1-4D3D-BA2B-4C4DFB6DB4C4','97501','97501',NULL,NULL,NULL,NULL,'1','2019-01-26 13:57:43.000','2019-01-26 13:57:43.000','2019-01-26 13:57:43.000',634,'completed',50,NULL,NULL,NULL,''),('97508','process:1:82508','sid-9DCE1851-A5DD-4287-84E7-3DF1B6D5978D','97501','97501',NULL,NULL,NULL,NULL,'9','2019-01-26 13:57:43.000','2019-01-26 13:57:43.000',NULL,NULL,NULL,50,NULL,NULL,NULL,''),('97514','process:1:82508','sid-0F2C513A-31D1-4D3D-BA2B-4C4DFB6DB4C4','97510','97510',NULL,NULL,NULL,NULL,'1','2019-01-26 13:58:15.000','2019-01-26 13:58:15.000','2019-01-26 13:58:15.000',41,'completed',50,NULL,NULL,NULL,''),('97517','process:1:82508','sid-9DCE1851-A5DD-4287-84E7-3DF1B6D5978D','97510','97510',NULL,NULL,NULL,NULL,'9','2019-01-26 13:58:15.000','2019-01-26 13:58:15.000',NULL,NULL,NULL,50,NULL,NULL,NULL,''),('97523','process:1:82508','sid-0F2C513A-31D1-4D3D-BA2B-4C4DFB6DB4C4','97519','97519',NULL,NULL,NULL,NULL,'1','2019-01-26 13:58:41.000','2019-01-26 13:58:41.000','2019-01-26 13:58:41.000',390,'completed',50,NULL,NULL,NULL,''),('97526','process:1:82508','sid-9DCE1851-A5DD-4287-84E7-3DF1B6D5978D','97519','97519',NULL,NULL,NULL,NULL,'9','2019-01-26 13:58:41.000','2019-01-26 13:58:41.000',NULL,NULL,NULL,50,NULL,NULL,NULL,''),('97532','process:1:82508','sid-0F2C513A-31D1-4D3D-BA2B-4C4DFB6DB4C4','97528','97528',NULL,NULL,NULL,NULL,'1','2019-01-26 13:58:57.000','2019-01-26 13:58:57.000','2019-01-26 13:58:57.000',886,'completed',50,NULL,NULL,NULL,''),('97535','process:1:82508','sid-9DCE1851-A5DD-4287-84E7-3DF1B6D5978D','97528','97528',NULL,NULL,NULL,NULL,'9','2019-01-26 13:58:57.000','2019-01-26 13:58:57.000',NULL,NULL,NULL,50,NULL,NULL,NULL,''),('97541','process:1:82508','sid-0F2C513A-31D1-4D3D-BA2B-4C4DFB6DB4C4','97537','97537',NULL,NULL,NULL,NULL,'1','2019-01-26 13:59:29.000','2019-01-26 13:59:29.000','2019-01-26 13:59:29.000',749,'completed',50,NULL,NULL,NULL,''),('97544','process:1:82508','sid-9DCE1851-A5DD-4287-84E7-3DF1B6D5978D','97537','97537',NULL,NULL,NULL,NULL,'9','2019-01-26 13:59:29.000','2019-01-26 13:59:29.000','2019-01-26 14:02:55.000',206477,'completed',50,NULL,NULL,NULL,''),('97550','process:1:82508','sid-0F2C513A-31D1-4D3D-BA2B-4C4DFB6DB4C4','97546','97546',NULL,NULL,NULL,NULL,'1','2019-01-26 13:59:51.000','2019-01-26 13:59:51.000','2019-01-26 13:59:51.000',427,'completed',50,NULL,NULL,NULL,''),('97553','process:1:82508','sid-9DCE1851-A5DD-4287-84E7-3DF1B6D5978D','97546','97546',NULL,NULL,NULL,NULL,'9','2019-01-26 13:59:51.000','2019-01-26 13:59:51.000','2019-01-26 15:41:57.000',6126601,'提交人主动撤销',50,NULL,NULL,NULL,''),('97559','process:1:82508','sid-0F2C513A-31D1-4D3D-BA2B-4C4DFB6DB4C4','97555','97555',NULL,NULL,NULL,NULL,'1','2019-01-26 14:00:04.000','2019-01-26 14:00:04.000','2019-01-26 14:00:04.000',828,'completed',50,NULL,NULL,NULL,''),('97562','process:1:82508','sid-9DCE1851-A5DD-4287-84E7-3DF1B6D5978D','97555','97555',NULL,NULL,NULL,NULL,'9','2019-01-26 14:00:04.000','2019-01-26 14:00:04.000','2019-01-26 14:02:59.000',175129,'completed',50,NULL,NULL,NULL,''),('97568','process:1:82508','sid-0F2C513A-31D1-4D3D-BA2B-4C4DFB6DB4C4','97564','97564',NULL,NULL,NULL,NULL,'1','2019-01-26 14:00:15.000','2019-01-26 14:00:15.000','2019-01-26 14:00:15.000',774,'completed',50,NULL,NULL,NULL,''),('97571','process:1:82508','sid-9DCE1851-A5DD-4287-84E7-3DF1B6D5978D','97564','97564',NULL,NULL,NULL,NULL,'9','2019-01-26 14:00:15.000','2019-01-26 14:00:15.000','2019-01-26 15:41:59.000',6104917,'提交人主动撤销',50,NULL,NULL,NULL,''),('97586','process:1:82508','sid-0F2C513A-31D1-4D3D-BA2B-4C4DFB6DB4C4','97555','97555',NULL,NULL,NULL,NULL,'1','2019-01-26 14:02:59.000','2019-01-26 14:02:59.000',NULL,NULL,NULL,50,NULL,NULL,NULL,'');

/*Table structure for table `act_hi_varinst` */

DROP TABLE IF EXISTS `act_hi_varinst`;

CREATE TABLE `act_hi_varinst` (
  `ID_` varchar(64) COLLATE utf8_bin NOT NULL,
  `PROC_INST_ID_` varchar(64) COLLATE utf8_bin DEFAULT NULL,
  `EXECUTION_ID_` varchar(64) COLLATE utf8_bin DEFAULT NULL,
  `TASK_ID_` varchar(64) COLLATE utf8_bin DEFAULT NULL,
  `NAME_` varchar(255) COLLATE utf8_bin NOT NULL,
  `VAR_TYPE_` varchar(100) COLLATE utf8_bin DEFAULT NULL,
  `REV_` int(11) DEFAULT NULL,
  `BYTEARRAY_ID_` varchar(64) COLLATE utf8_bin DEFAULT NULL,
  `DOUBLE_` double DEFAULT NULL,
  `LONG_` bigint(20) DEFAULT NULL,
  `TEXT_` varchar(4000) COLLATE utf8_bin DEFAULT NULL,
  `TEXT2_` varchar(4000) COLLATE utf8_bin DEFAULT NULL,
  `CREATE_TIME_` datetime(3) DEFAULT NULL,
  `LAST_UPDATED_TIME_` datetime(3) DEFAULT NULL,
  PRIMARY KEY (`ID_`),
  KEY `ACT_IDX_HI_PROCVAR_PROC_INST` (`PROC_INST_ID_`),
  KEY `ACT_IDX_HI_PROCVAR_NAME_TYPE` (`NAME_`,`VAR_TYPE_`),
  KEY `ACT_IDX_HI_PROCVAR_TASK_ID` (`TASK_ID_`)
) ENGINE=InnoDB DEFAULT CHARSET=utf8 COLLATE=utf8_bin;

/*Data for the table `act_hi_varinst` */

insert  into `act_hi_varinst`(`ID_`,`PROC_INST_ID_`,`EXECUTION_ID_`,`TASK_ID_`,`NAME_`,`VAR_TYPE_`,`REV_`,`BYTEARRAY_ID_`,`DOUBLE_`,`LONG_`,`TEXT_`,`TEXT2_`,`CREATE_TIME_`,`LAST_UPDATED_TIME_`) values ('100010','100001','100001',NULL,'agree','boolean',0,NULL,NULL,0,NULL,NULL,'2019-01-26 14:13:03.000','2019-01-26 14:13:03.000'),('95001','92643','92643',NULL,'agree','boolean',0,NULL,NULL,1,NULL,NULL,'2019-01-26 13:30:53.000','2019-01-26 13:30:53.000'),('95104','95041','95041',NULL,'agree','boolean',1,NULL,NULL,1,NULL,NULL,'2019-01-26 13:35:35.000','2019-01-26 13:43:33.000'),('95110','95068','95068',NULL,'agree','boolean',1,NULL,NULL,1,NULL,NULL,'2019-01-26 13:35:46.000','2019-01-26 13:43:42.000'),('95116','95023','95023',NULL,'agree','boolean',1,NULL,NULL,1,NULL,NULL,'2019-01-26 13:35:49.000','2019-01-26 13:43:41.000'),('95122','95095','95095',NULL,'agree','boolean',1,NULL,NULL,1,NULL,NULL,'2019-01-26 13:35:51.000','2019-01-26 13:43:40.000'),('95128','95086','95086',NULL,'agree','boolean',1,NULL,NULL,1,NULL,NULL,'2019-01-26 13:35:54.000','2019-01-26 13:43:40.000'),('95134','95050','95050',NULL,'agree','boolean',1,NULL,NULL,1,NULL,NULL,'2019-01-26 13:35:57.000','2019-01-26 13:43:39.000'),('95140','95077','95077',NULL,'agree','boolean',1,NULL,NULL,1,NULL,NULL,'2019-01-26 13:36:01.000','2019-01-26 13:43:39.000'),('95146','95059','95059',NULL,'agree','boolean',1,NULL,NULL,1,NULL,NULL,'2019-01-26 13:36:03.000','2019-01-26 13:43:38.000'),('95152','95005','95005',NULL,'agree','boolean',0,NULL,NULL,1,NULL,NULL,'2019-01-26 13:36:08.000','2019-01-26 13:36:08.000'),('95156','95014','95014',NULL,'agree','boolean',1,NULL,NULL,1,NULL,NULL,'2019-01-26 13:36:12.000','2019-01-26 13:43:38.000'),('95162','95032','95032',NULL,'agree','boolean',1,NULL,NULL,1,NULL,NULL,'2019-01-26 13:36:14.000','2019-01-26 13:43:37.000'),('95200','95168','95168',NULL,'agree','boolean',0,NULL,NULL,1,NULL,NULL,'2019-01-26 13:43:36.000','2019-01-26 13:43:36.000'),('95240','95231','95231',NULL,'agree','boolean',0,NULL,NULL,1,NULL,NULL,'2019-01-26 13:44:59.000','2019-01-26 13:44:59.000'),('97573','95244','95244',NULL,'agree','boolean',0,NULL,NULL,1,NULL,NULL,'2019-01-26 14:01:25.000','2019-01-26 14:01:25.000'),('97577','97537','97537',NULL,'agree','boolean',0,NULL,NULL,1,NULL,NULL,'2019-01-26 14:02:55.000','2019-01-26 14:02:55.000'),('97581','97555','97555',NULL,'agree','boolean',0,NULL,NULL,0,NULL,NULL,'2019-01-26 14:02:59.000','2019-01-26 14:02:59.000');

/*Table structure for table `act_id_group` */

DROP TABLE IF EXISTS `act_id_group`;

CREATE TABLE `act_id_group` (
  `ID_` varchar(64) COLLATE utf8_bin NOT NULL DEFAULT '',
  `REV_` int(11) DEFAULT NULL,
  `NAME_` varchar(255) COLLATE utf8_bin DEFAULT NULL,
  `TYPE_` varchar(255) COLLATE utf8_bin DEFAULT NULL,
  PRIMARY KEY (`ID_`)
) ENGINE=InnoDB DEFAULT CHARSET=utf8 COLLATE=utf8_bin;

/*Data for the table `act_id_group` */

insert  into `act_id_group`(`ID_`,`REV_`,`NAME_`,`TYPE_`) values ('admin',1,'Admin','security-role'),('engineering',1,'Engineering','assignment'),('management',1,'Management','assignment'),('marketing',1,'Marketing','assignment'),('sales',1,'Sales','assignment'),('user',1,'User','security-role');

/*Table structure for table `act_id_info` */

DROP TABLE IF EXISTS `act_id_info`;

CREATE TABLE `act_id_info` (
  `ID_` varchar(64) COLLATE utf8_bin NOT NULL DEFAULT '',
  `REV_` int(11) DEFAULT NULL,
  `USER_ID_` varchar(64) COLLATE utf8_bin DEFAULT NULL,
  `TYPE_` varchar(64) COLLATE utf8_bin DEFAULT NULL,
  `KEY_` varchar(255) COLLATE utf8_bin DEFAULT NULL,
  `VALUE_` varchar(255) COLLATE utf8_bin DEFAULT NULL,
  `PASSWORD_` longblob,
  `PARENT_ID_` varchar(255) COLLATE utf8_bin DEFAULT NULL,
  PRIMARY KEY (`ID_`)
) ENGINE=InnoDB DEFAULT CHARSET=utf8 COLLATE=utf8_bin;

/*Data for the table `act_id_info` */

insert  into `act_id_info`(`ID_`,`REV_`,`USER_ID_`,`TYPE_`,`KEY_`,`VALUE_`,`PASSWORD_`,`PARENT_ID_`) values ('10',1,'kermit','userinfo','location','Hollywoord',NULL,NULL),('11',1,'kermit','userinfo','phone','+123456789',NULL,NULL),('12',1,'kermit','userinfo','twitterName','alfresco',NULL,NULL),('13',1,'kermit','userinfo','skype','activiti_kermit_frog',NULL,NULL),('8',1,'kermit','userinfo','birthDate','10-10-1955',NULL,NULL),('9',1,'kermit','userinfo','jobTitle','Muppet',NULL,NULL);

/*Table structure for table `act_id_membership` */

DROP TABLE IF EXISTS `act_id_membership`;

CREATE TABLE `act_id_membership` (
  `USER_ID_` varchar(64) COLLATE utf8_bin NOT NULL DEFAULT '',
  `GROUP_ID_` varchar(64) COLLATE utf8_bin NOT NULL DEFAULT '',
  PRIMARY KEY (`USER_ID_`,`GROUP_ID_`),
  KEY `ACT_FK_MEMB_GROUP` (`GROUP_ID_`),
  CONSTRAINT `ACT_FK_MEMB_GROUP` FOREIGN KEY (`GROUP_ID_`) REFERENCES `act_id_group` (`ID_`),
  CONSTRAINT `ACT_FK_MEMB_USER` FOREIGN KEY (`USER_ID_`) REFERENCES `act_id_user` (`ID_`)
) ENGINE=InnoDB DEFAULT CHARSET=utf8 COLLATE=utf8_bin;

/*Data for the table `act_id_membership` */

insert  into `act_id_membership`(`USER_ID_`,`GROUP_ID_`) values ('kermit','admin'),('fozzie','engineering'),('kermit','engineering'),('gonzo','management'),('kermit','management'),('fozzie','marketing'),('gonzo','marketing'),('kermit','marketing'),('gonzo','sales'),('kermit','sales'),('fozzie','user'),('gonzo','user'),('kermit','user');

/*Table structure for table `act_id_user` */

DROP TABLE IF EXISTS `act_id_user`;

CREATE TABLE `act_id_user` (
  `ID_` varchar(64) COLLATE utf8_bin NOT NULL DEFAULT '',
  `REV_` int(11) DEFAULT NULL,
  `FIRST_` varchar(255) COLLATE utf8_bin DEFAULT NULL,
  `LAST_` varchar(255) COLLATE utf8_bin DEFAULT NULL,
  `EMAIL_` varchar(255) COLLATE utf8_bin DEFAULT NULL,
  `PWD_` varchar(255) COLLATE utf8_bin DEFAULT NULL,
  `PICTURE_ID_` varchar(64) COLLATE utf8_bin DEFAULT NULL,
  PRIMARY KEY (`ID_`)
) ENGINE=InnoDB DEFAULT CHARSET=utf8 COLLATE=utf8_bin;

/*Data for the table `act_id_user` */

insert  into `act_id_user`(`ID_`,`REV_`,`FIRST_`,`LAST_`,`EMAIL_`,`PWD_`,`PICTURE_ID_`) values ('fozzie',2,'Fozzie','Bear','fozzie@activiti.org','fozzie','22'),('gonzo',2,'Gonzo','The Great','gonzo@activiti.org','gonzo','18'),('kermit',2,'Kermit','The Frog','kermit@activiti.org','kermit','7');

/*Table structure for table `act_procdef_info` */

DROP TABLE IF EXISTS `act_procdef_info`;

CREATE TABLE `act_procdef_info` (
  `ID_` varchar(64) COLLATE utf8_bin NOT NULL,
  `PROC_DEF_ID_` varchar(64) COLLATE utf8_bin NOT NULL,
  `REV_` int(11) DEFAULT NULL,
  `INFO_JSON_ID_` varchar(64) COLLATE utf8_bin DEFAULT NULL,
  PRIMARY KEY (`ID_`),
  UNIQUE KEY `ACT_UNIQ_INFO_PROCDEF` (`PROC_DEF_ID_`),
  KEY `ACT_IDX_INFO_PROCDEF` (`PROC_DEF_ID_`),
  KEY `ACT_FK_INFO_JSON_BA` (`INFO_JSON_ID_`),
  CONSTRAINT `ACT_FK_INFO_JSON_BA` FOREIGN KEY (`INFO_JSON_ID_`) REFERENCES `act_ge_bytearray` (`ID_`),
  CONSTRAINT `ACT_FK_INFO_PROCDEF` FOREIGN KEY (`PROC_DEF_ID_`) REFERENCES `act_re_procdef` (`ID_`)
) ENGINE=InnoDB DEFAULT CHARSET=utf8 COLLATE=utf8_bin;

/*Data for the table `act_procdef_info` */

/*Table structure for table `act_re_deployment` */

DROP TABLE IF EXISTS `act_re_deployment`;

CREATE TABLE `act_re_deployment` (
  `ID_` varchar(64) COLLATE utf8_bin NOT NULL DEFAULT '',
  `NAME_` varchar(255) COLLATE utf8_bin DEFAULT NULL,
  `CATEGORY_` varchar(255) COLLATE utf8_bin DEFAULT NULL,
  `TENANT_ID_` varchar(255) COLLATE utf8_bin DEFAULT '',
  `DEPLOY_TIME_` timestamp(3) NULL DEFAULT NULL,
  PRIMARY KEY (`ID_`)
) ENGINE=InnoDB DEFAULT CHARSET=utf8 COLLATE=utf8_bin;

/*Data for the table `act_re_deployment` */

insert  into `act_re_deployment`(`ID_`,`NAME_`,`CATEGORY_`,`TENANT_ID_`,`DEPLOY_TIME_`) values ('82505','process',NULL,'','2019-01-26 13:27:59.697');

/*Table structure for table `act_re_model` */

DROP TABLE IF EXISTS `act_re_model`;

CREATE TABLE `act_re_model` (
  `ID_` varchar(64) COLLATE utf8_bin NOT NULL,
  `REV_` int(11) DEFAULT NULL,
  `NAME_` varchar(255) COLLATE utf8_bin DEFAULT NULL,
  `KEY_` varchar(255) COLLATE utf8_bin DEFAULT NULL,
  `CATEGORY_` varchar(255) COLLATE utf8_bin DEFAULT NULL,
  `CREATE_TIME_` timestamp(3) NULL DEFAULT NULL,
  `LAST_UPDATE_TIME_` timestamp(3) NULL DEFAULT NULL,
  `VERSION_` int(11) DEFAULT NULL,
  `META_INFO_` varchar(4000) COLLATE utf8_bin DEFAULT NULL,
  `DEPLOYMENT_ID_` varchar(64) COLLATE utf8_bin DEFAULT NULL,
  `EDITOR_SOURCE_VALUE_ID_` varchar(64) COLLATE utf8_bin DEFAULT NULL,
  `EDITOR_SOURCE_EXTRA_VALUE_ID_` varchar(64) COLLATE utf8_bin DEFAULT NULL,
  `TENANT_ID_` varchar(255) COLLATE utf8_bin DEFAULT '',
  PRIMARY KEY (`ID_`),
  KEY `ACT_FK_MODEL_SOURCE` (`EDITOR_SOURCE_VALUE_ID_`),
  KEY `ACT_FK_MODEL_SOURCE_EXTRA` (`EDITOR_SOURCE_EXTRA_VALUE_ID_`),
  KEY `ACT_FK_MODEL_DEPLOYMENT` (`DEPLOYMENT_ID_`),
  CONSTRAINT `ACT_FK_MODEL_DEPLOYMENT` FOREIGN KEY (`DEPLOYMENT_ID_`) REFERENCES `act_re_deployment` (`ID_`),
  CONSTRAINT `ACT_FK_MODEL_SOURCE` FOREIGN KEY (`EDITOR_SOURCE_VALUE_ID_`) REFERENCES `act_ge_bytearray` (`ID_`),
  CONSTRAINT `ACT_FK_MODEL_SOURCE_EXTRA` FOREIGN KEY (`EDITOR_SOURCE_EXTRA_VALUE_ID_`) REFERENCES `act_ge_bytearray` (`ID_`)
) ENGINE=InnoDB DEFAULT CHARSET=utf8 COLLATE=utf8_bin;

/*Data for the table `act_re_model` */

insert  into `act_re_model`(`ID_`,`REV_`,`NAME_`,`KEY_`,`CATEGORY_`,`CREATE_TIME_`,`LAST_UPDATE_TIME_`,`VERSION_`,`META_INFO_`,`DEPLOYMENT_ID_`,`EDITOR_SOURCE_VALUE_ID_`,`EDITOR_SOURCE_EXTRA_VALUE_ID_`,`TENANT_ID_`) values ('23',4,'process',NULL,NULL,'2018-12-26 14:01:04.970','2018-12-26 14:04:17.724',1,'{\"name\":\"process\",\"revision\":1,\"description\":\"\"}',NULL,'24','25','');

/*Table structure for table `act_re_procdef` */

DROP TABLE IF EXISTS `act_re_procdef`;

CREATE TABLE `act_re_procdef` (
  `ID_` varchar(64) COLLATE utf8_bin NOT NULL,
  `REV_` int(11) DEFAULT NULL,
  `CATEGORY_` varchar(255) COLLATE utf8_bin DEFAULT NULL,
  `NAME_` varchar(255) COLLATE utf8_bin DEFAULT NULL,
  `KEY_` varchar(255) COLLATE utf8_bin NOT NULL,
  `VERSION_` int(11) NOT NULL,
  `DEPLOYMENT_ID_` varchar(64) COLLATE utf8_bin DEFAULT NULL,
  `RESOURCE_NAME_` varchar(4000) COLLATE utf8_bin DEFAULT NULL,
  `DGRM_RESOURCE_NAME_` varchar(4000) COLLATE utf8_bin DEFAULT NULL,
  `DESCRIPTION_` varchar(4000) COLLATE utf8_bin DEFAULT NULL,
  `HAS_START_FORM_KEY_` tinyint(4) DEFAULT NULL,
  `HAS_GRAPHICAL_NOTATION_` tinyint(4) DEFAULT NULL,
  `SUSPENSION_STATE_` int(11) DEFAULT NULL,
  `TENANT_ID_` varchar(255) COLLATE utf8_bin DEFAULT '',
  PRIMARY KEY (`ID_`),
  UNIQUE KEY `ACT_UNIQ_PROCDEF` (`KEY_`,`VERSION_`,`TENANT_ID_`)
) ENGINE=InnoDB DEFAULT CHARSET=utf8 COLLATE=utf8_bin;

/*Data for the table `act_re_procdef` */

insert  into `act_re_procdef`(`ID_`,`REV_`,`CATEGORY_`,`NAME_`,`KEY_`,`VERSION_`,`DEPLOYMENT_ID_`,`RESOURCE_NAME_`,`DGRM_RESOURCE_NAME_`,`DESCRIPTION_`,`HAS_START_FORM_KEY_`,`HAS_GRAPHICAL_NOTATION_`,`SUSPENSION_STATE_`,`TENANT_ID_`) values ('process:1:82508',1,'http://www.activiti.org/processdef',NULL,'process',1,'82505','process.bpmn20.xml','process.process.png',NULL,0,1,1,'');

/*Table structure for table `act_ru_event_subscr` */

DROP TABLE IF EXISTS `act_ru_event_subscr`;

CREATE TABLE `act_ru_event_subscr` (
  `ID_` varchar(64) COLLATE utf8_bin NOT NULL,
  `REV_` int(11) DEFAULT NULL,
  `EVENT_TYPE_` varchar(255) COLLATE utf8_bin NOT NULL,
  `EVENT_NAME_` varchar(255) COLLATE utf8_bin DEFAULT NULL,
  `EXECUTION_ID_` varchar(64) COLLATE utf8_bin DEFAULT NULL,
  `PROC_INST_ID_` varchar(64) COLLATE utf8_bin DEFAULT NULL,
  `ACTIVITY_ID_` varchar(64) COLLATE utf8_bin DEFAULT NULL,
  `CONFIGURATION_` varchar(255) COLLATE utf8_bin DEFAULT NULL,
  `CREATED_` timestamp(3) NOT NULL DEFAULT CURRENT_TIMESTAMP(3),
  `PROC_DEF_ID_` varchar(64) COLLATE utf8_bin DEFAULT NULL,
  `TENANT_ID_` varchar(255) COLLATE utf8_bin DEFAULT '',
  PRIMARY KEY (`ID_`),
  KEY `ACT_IDX_EVENT_SUBSCR_CONFIG_` (`CONFIGURATION_`),
  KEY `ACT_FK_EVENT_EXEC` (`EXECUTION_ID_`),
  CONSTRAINT `ACT_FK_EVENT_EXEC` FOREIGN KEY (`EXECUTION_ID_`) REFERENCES `act_ru_execution` (`ID_`)
) ENGINE=InnoDB DEFAULT CHARSET=utf8 COLLATE=utf8_bin;

/*Data for the table `act_ru_event_subscr` */

/*Table structure for table `act_ru_execution` */

DROP TABLE IF EXISTS `act_ru_execution`;

CREATE TABLE `act_ru_execution` (
  `ID_` varchar(64) COLLATE utf8_bin NOT NULL DEFAULT '',
  `REV_` int(11) DEFAULT NULL,
  `PROC_INST_ID_` varchar(64) COLLATE utf8_bin DEFAULT NULL,
  `BUSINESS_KEY_` varchar(255) COLLATE utf8_bin DEFAULT NULL,
  `PARENT_ID_` varchar(64) COLLATE utf8_bin DEFAULT NULL,
  `PROC_DEF_ID_` varchar(64) COLLATE utf8_bin DEFAULT NULL,
  `SUPER_EXEC_` varchar(64) COLLATE utf8_bin DEFAULT NULL,
  `ACT_ID_` varchar(255) COLLATE utf8_bin DEFAULT NULL,
  `IS_ACTIVE_` tinyint(4) DEFAULT NULL,
  `IS_CONCURRENT_` tinyint(4) DEFAULT NULL,
  `IS_SCOPE_` tinyint(4) DEFAULT NULL,
  `IS_EVENT_SCOPE_` tinyint(4) DEFAULT NULL,
  `SUSPENSION_STATE_` int(11) DEFAULT NULL,
  `CACHED_ENT_STATE_` int(11) DEFAULT NULL,
  `TENANT_ID_` varchar(255) COLLATE utf8_bin DEFAULT '',
  `NAME_` varchar(255) COLLATE utf8_bin DEFAULT NULL,
  `LOCK_TIME_` timestamp(3) NULL DEFAULT NULL,
  PRIMARY KEY (`ID_`),
  KEY `ACT_IDX_EXEC_BUSKEY` (`BUSINESS_KEY_`),
  KEY `ACT_FK_EXE_PROCINST` (`PROC_INST_ID_`),
  KEY `ACT_FK_EXE_PARENT` (`PARENT_ID_`),
  KEY `ACT_FK_EXE_SUPER` (`SUPER_EXEC_`),
  KEY `ACT_FK_EXE_PROCDEF` (`PROC_DEF_ID_`),
  CONSTRAINT `ACT_FK_EXE_PARENT` FOREIGN KEY (`PARENT_ID_`) REFERENCES `act_ru_execution` (`ID_`),
  CONSTRAINT `ACT_FK_EXE_PROCDEF` FOREIGN KEY (`PROC_DEF_ID_`) REFERENCES `act_re_procdef` (`ID_`),
  CONSTRAINT `ACT_FK_EXE_PROCINST` FOREIGN KEY (`PROC_INST_ID_`) REFERENCES `act_ru_execution` (`ID_`) ON DELETE CASCADE ON UPDATE CASCADE,
  CONSTRAINT `ACT_FK_EXE_SUPER` FOREIGN KEY (`SUPER_EXEC_`) REFERENCES `act_ru_execution` (`ID_`)
) ENGINE=InnoDB DEFAULT CHARSET=utf8 COLLATE=utf8_bin;

/*Data for the table `act_ru_execution` */

insert  into `act_ru_execution`(`ID_`,`REV_`,`PROC_INST_ID_`,`BUSINESS_KEY_`,`PARENT_ID_`,`PROC_DEF_ID_`,`SUPER_EXEC_`,`ACT_ID_`,`IS_ACTIVE_`,`IS_CONCURRENT_`,`IS_SCOPE_`,`IS_EVENT_SCOPE_`,`SUSPENSION_STATE_`,`CACHED_ENT_STATE_`,`TENANT_ID_`,`NAME_`,`LOCK_TIME_`) values ('100001',4,'100001','b4ce54e9-059d-43a0-bc2a-90f53e0911e5',NULL,'process:1:82508',NULL,'sid-9DCE1851-A5DD-4287-84E7-3DF1B6D5978D',1,0,1,0,1,2,'',NULL,NULL),('100019',2,'100019','a100a1a2-0037-4124-8378-31daef1096df',NULL,'process:1:82508',NULL,'sid-9DCE1851-A5DD-4287-84E7-3DF1B6D5978D',1,0,1,0,1,2,'',NULL,NULL),('100028',2,'100028','115d93f0-9f53-46c5-bce5-ce2a1b3ad497',NULL,'process:1:82508',NULL,'sid-9DCE1851-A5DD-4287-84E7-3DF1B6D5978D',1,0,1,0,1,2,'',NULL,NULL),('100037',2,'100037','55f7cb4a-9cd4-4f65-a6b4-d21029510f71',NULL,'process:1:82508',NULL,'sid-9DCE1851-A5DD-4287-84E7-3DF1B6D5978D',1,0,1,0,1,2,'',NULL,NULL),('100046',2,'100046','b3a76aa1-cd66-47d1-98d8-7e42f0ef1031',NULL,'process:1:82508',NULL,'sid-9DCE1851-A5DD-4287-84E7-3DF1B6D5978D',1,0,1,0,1,2,'',NULL,NULL),('100055',2,'100055','bd569f72-ef70-4a47-8d2e-9e38d77cdbc7',NULL,'process:1:82508',NULL,'sid-9DCE1851-A5DD-4287-84E7-3DF1B6D5978D',1,0,1,0,1,2,'',NULL,NULL),('100064',2,'100064','5bfd6277-2720-4e35-b683-e8425d0292a2',NULL,'process:1:82508',NULL,'sid-9DCE1851-A5DD-4287-84E7-3DF1B6D5978D',1,0,1,0,1,2,'',NULL,NULL),('100082',2,'100082','aea83dc4-4751-4c11-8de4-9667a8036470',NULL,'process:1:82508',NULL,'sid-9DCE1851-A5DD-4287-84E7-3DF1B6D5978D',1,0,1,0,1,2,'',NULL,NULL),('100091',2,'100091','21d2d3bc-2e09-44b7-821d-894f865e6039',NULL,'process:1:82508',NULL,'sid-9DCE1851-A5DD-4287-84E7-3DF1B6D5978D',1,0,1,0,1,2,'',NULL,NULL),('100118',2,'100118','3399f2dc-3f3f-490f-9178-7acb009e2fab',NULL,'process:1:82508',NULL,'sid-9DCE1851-A5DD-4287-84E7-3DF1B6D5978D',1,0,1,0,1,2,'',NULL,NULL),('102501',2,'102501','6fe5edba-745c-4733-a985-25da2fbf78fb',NULL,'process:1:82508',NULL,'sid-9DCE1851-A5DD-4287-84E7-3DF1B6D5978D',1,0,1,0,1,2,'',NULL,NULL),('95262',2,'95262','9abfb2dd-7a24-4380-b10f-b9e4d940488b',NULL,'process:1:82508',NULL,'sid-9DCE1851-A5DD-4287-84E7-3DF1B6D5978D',1,0,1,0,1,2,'',NULL,NULL),('95280',2,'95280','5fd1a916-cdbb-4734-9286-5d971cdf3015',NULL,'process:1:82508',NULL,'sid-9DCE1851-A5DD-4287-84E7-3DF1B6D5978D',1,0,1,0,1,2,'',NULL,NULL),('95289',2,'95289','9869963d-436b-4b35-b549-ba1e353f8948',NULL,'process:1:82508',NULL,'sid-9DCE1851-A5DD-4287-84E7-3DF1B6D5978D',1,0,1,0,1,2,'',NULL,NULL),('97501',2,'97501','4e6bbbf0-8f32-4481-a943-6a7de0f74a85',NULL,'process:1:82508',NULL,'sid-9DCE1851-A5DD-4287-84E7-3DF1B6D5978D',1,0,1,0,1,2,'',NULL,NULL),('97510',2,'97510','53f9af2d-f682-4034-87ea-2c72698a2d24',NULL,'process:1:82508',NULL,'sid-9DCE1851-A5DD-4287-84E7-3DF1B6D5978D',1,0,1,0,1,2,'',NULL,NULL),('97519',2,'97519','947087cf-18bd-4282-baaf-e39b86f625f3',NULL,'process:1:82508',NULL,'sid-9DCE1851-A5DD-4287-84E7-3DF1B6D5978D',1,0,1,0,1,2,'',NULL,NULL),('97528',2,'97528','0d85f799-12a4-41c1-ad3a-27bcba48ed6e',NULL,'process:1:82508',NULL,'sid-9DCE1851-A5DD-4287-84E7-3DF1B6D5978D',1,0,1,0,1,2,'',NULL,NULL),('97555',3,'97555','386a1a47-c2bb-46be-ae18-d5ac9024c826',NULL,'process:1:82508',NULL,'sid-0F2C513A-31D1-4D3D-BA2B-4C4DFB6DB4C4',1,0,1,0,1,2,'',NULL,NULL);

/*Table structure for table `act_ru_identitylink` */

DROP TABLE IF EXISTS `act_ru_identitylink`;

CREATE TABLE `act_ru_identitylink` (
  `ID_` varchar(64) COLLATE utf8_bin NOT NULL DEFAULT '',
  `REV_` int(11) DEFAULT NULL,
  `GROUP_ID_` varchar(255) COLLATE utf8_bin DEFAULT NULL,
  `TYPE_` varchar(255) COLLATE utf8_bin DEFAULT NULL,
  `USER_ID_` varchar(255) COLLATE utf8_bin DEFAULT NULL,
  `TASK_ID_` varchar(64) COLLATE utf8_bin DEFAULT NULL,
  `PROC_INST_ID_` varchar(64) COLLATE utf8_bin DEFAULT NULL,
  `PROC_DEF_ID_` varchar(64) COLLATE utf8_bin DEFAULT NULL,
  PRIMARY KEY (`ID_`),
  KEY `ACT_IDX_IDENT_LNK_USER` (`USER_ID_`),
  KEY `ACT_IDX_IDENT_LNK_GROUP` (`GROUP_ID_`),
  KEY `ACT_IDX_ATHRZ_PROCEDEF` (`PROC_DEF_ID_`),
  KEY `ACT_FK_TSKASS_TASK` (`TASK_ID_`),
  KEY `ACT_FK_IDL_PROCINST` (`PROC_INST_ID_`),
  CONSTRAINT `ACT_FK_ATHRZ_PROCEDEF` FOREIGN KEY (`PROC_DEF_ID_`) REFERENCES `act_re_procdef` (`ID_`),
  CONSTRAINT `ACT_FK_IDL_PROCINST` FOREIGN KEY (`PROC_INST_ID_`) REFERENCES `act_ru_execution` (`ID_`),
  CONSTRAINT `ACT_FK_TSKASS_TASK` FOREIGN KEY (`TASK_ID_`) REFERENCES `act_ru_task` (`ID_`)
) ENGINE=InnoDB DEFAULT CHARSET=utf8 COLLATE=utf8_bin;

/*Data for the table `act_ru_identitylink` */

insert  into `act_ru_identitylink`(`ID_`,`REV_`,`GROUP_ID_`,`TYPE_`,`USER_ID_`,`TASK_ID_`,`PROC_INST_ID_`,`PROC_DEF_ID_`) values ('100006',1,NULL,'participant','1',NULL,'100001',NULL),('100009',1,NULL,'participant','8',NULL,'100001',NULL),('100018',1,NULL,'participant','6',NULL,'100001',NULL),('100024',1,NULL,'participant','22',NULL,'100019',NULL),('100027',1,NULL,'participant','6',NULL,'100019',NULL),('100033',1,NULL,'participant','22',NULL,'100028',NULL),('100036',1,NULL,'participant','6',NULL,'100028',NULL),('100042',1,NULL,'participant','22',NULL,'100037',NULL),('100045',1,NULL,'participant','6',NULL,'100037',NULL),('100051',1,NULL,'participant','22',NULL,'100046',NULL),('100054',1,NULL,'participant','6',NULL,'100046',NULL),('100060',1,NULL,'participant','22',NULL,'100055',NULL),('100063',1,NULL,'participant','6',NULL,'100055',NULL),('100069',1,NULL,'participant','22',NULL,'100064',NULL),('100072',1,NULL,'participant','6',NULL,'100064',NULL),('100087',1,NULL,'participant','22',NULL,'100082',NULL),('100090',1,NULL,'participant','6',NULL,'100082',NULL),('100096',1,NULL,'participant','22',NULL,'100091',NULL),('100099',1,NULL,'participant','6',NULL,'100091',NULL),('100123',1,NULL,'participant','22',NULL,'100118',NULL),('100126',1,NULL,'participant','6',NULL,'100118',NULL),('102506',1,NULL,'participant','1',NULL,'102501',NULL),('102509',1,NULL,'participant','6',NULL,'102501',NULL),('95267',1,NULL,'participant','22',NULL,'95262',NULL),('95270',1,NULL,'participant','9',NULL,'95262',NULL),('95285',1,NULL,'participant','1',NULL,'95280',NULL),('95288',1,NULL,'participant','9',NULL,'95280',NULL),('95294',1,NULL,'participant','1',NULL,'95289',NULL),('95297',1,NULL,'participant','9',NULL,'95289',NULL),('97506',1,NULL,'participant','1',NULL,'97501',NULL),('97509',1,NULL,'participant','9',NULL,'97501',NULL),('97515',1,NULL,'participant','1',NULL,'97510',NULL),('97518',1,NULL,'participant','9',NULL,'97510',NULL),('97524',1,NULL,'participant','1',NULL,'97519',NULL),('97527',1,NULL,'participant','9',NULL,'97519',NULL),('97533',1,NULL,'participant','1',NULL,'97528',NULL),('97536',1,NULL,'participant','9',NULL,'97528',NULL),('97560',1,NULL,'participant','1',NULL,'97555',NULL),('97563',1,NULL,'participant','9',NULL,'97555',NULL);

/*Table structure for table `act_ru_job` */

DROP TABLE IF EXISTS `act_ru_job`;

CREATE TABLE `act_ru_job` (
  `ID_` varchar(64) COLLATE utf8_bin NOT NULL,
  `REV_` int(11) DEFAULT NULL,
  `TYPE_` varchar(255) COLLATE utf8_bin NOT NULL,
  `LOCK_EXP_TIME_` timestamp(3) NULL DEFAULT NULL,
  `LOCK_OWNER_` varchar(255) COLLATE utf8_bin DEFAULT NULL,
  `EXCLUSIVE_` tinyint(1) DEFAULT NULL,
  `EXECUTION_ID_` varchar(64) COLLATE utf8_bin DEFAULT NULL,
  `PROCESS_INSTANCE_ID_` varchar(64) COLLATE utf8_bin DEFAULT NULL,
  `PROC_DEF_ID_` varchar(64) COLLATE utf8_bin DEFAULT NULL,
  `RETRIES_` int(11) DEFAULT NULL,
  `EXCEPTION_STACK_ID_` varchar(64) COLLATE utf8_bin DEFAULT NULL,
  `EXCEPTION_MSG_` varchar(4000) COLLATE utf8_bin DEFAULT NULL,
  `DUEDATE_` timestamp(3) NULL DEFAULT NULL,
  `REPEAT_` varchar(255) COLLATE utf8_bin DEFAULT NULL,
  `HANDLER_TYPE_` varchar(255) COLLATE utf8_bin DEFAULT NULL,
  `HANDLER_CFG_` varchar(4000) COLLATE utf8_bin DEFAULT NULL,
  `TENANT_ID_` varchar(255) COLLATE utf8_bin DEFAULT '',
  PRIMARY KEY (`ID_`),
  KEY `ACT_FK_JOB_EXCEPTION` (`EXCEPTION_STACK_ID_`),
  CONSTRAINT `ACT_FK_JOB_EXCEPTION` FOREIGN KEY (`EXCEPTION_STACK_ID_`) REFERENCES `act_ge_bytearray` (`ID_`)
) ENGINE=InnoDB DEFAULT CHARSET=utf8 COLLATE=utf8_bin;

/*Data for the table `act_ru_job` */

/*Table structure for table `act_ru_task` */

DROP TABLE IF EXISTS `act_ru_task`;

CREATE TABLE `act_ru_task` (
  `ID_` varchar(64) COLLATE utf8_bin NOT NULL DEFAULT '',
  `REV_` int(11) DEFAULT NULL,
  `EXECUTION_ID_` varchar(64) COLLATE utf8_bin DEFAULT NULL,
  `PROC_INST_ID_` varchar(64) COLLATE utf8_bin DEFAULT NULL,
  `PROC_DEF_ID_` varchar(64) COLLATE utf8_bin DEFAULT NULL,
  `NAME_` varchar(255) COLLATE utf8_bin DEFAULT NULL,
  `PARENT_TASK_ID_` varchar(64) COLLATE utf8_bin DEFAULT NULL,
  `DESCRIPTION_` varchar(4000) COLLATE utf8_bin DEFAULT NULL,
  `TASK_DEF_KEY_` varchar(255) COLLATE utf8_bin DEFAULT NULL,
  `OWNER_` varchar(255) COLLATE utf8_bin DEFAULT NULL,
  `ASSIGNEE_` varchar(255) COLLATE utf8_bin DEFAULT NULL,
  `DELEGATION_` varchar(64) COLLATE utf8_bin DEFAULT NULL,
  `PRIORITY_` int(11) DEFAULT NULL,
  `CREATE_TIME_` timestamp(3) NULL DEFAULT NULL,
  `DUE_DATE_` datetime(3) DEFAULT NULL,
  `CATEGORY_` varchar(255) COLLATE utf8_bin DEFAULT NULL,
  `SUSPENSION_STATE_` int(11) DEFAULT NULL,
  `TENANT_ID_` varchar(255) COLLATE utf8_bin DEFAULT '',
  `FORM_KEY_` varchar(255) COLLATE utf8_bin DEFAULT NULL,
  PRIMARY KEY (`ID_`),
  KEY `ACT_IDX_TASK_CREATE` (`CREATE_TIME_`),
  KEY `ACT_FK_TASK_EXE` (`EXECUTION_ID_`),
  KEY `ACT_FK_TASK_PROCINST` (`PROC_INST_ID_`),
  KEY `ACT_FK_TASK_PROCDEF` (`PROC_DEF_ID_`),
  CONSTRAINT `ACT_FK_TASK_EXE` FOREIGN KEY (`EXECUTION_ID_`) REFERENCES `act_ru_execution` (`ID_`),
  CONSTRAINT `ACT_FK_TASK_PROCDEF` FOREIGN KEY (`PROC_DEF_ID_`) REFERENCES `act_re_procdef` (`ID_`),
  CONSTRAINT `ACT_FK_TASK_PROCINST` FOREIGN KEY (`PROC_INST_ID_`) REFERENCES `act_ru_execution` (`ID_`)
) ENGINE=InnoDB DEFAULT CHARSET=utf8 COLLATE=utf8_bin;

/*Data for the table `act_ru_task` */

insert  into `act_ru_task`(`ID_`,`REV_`,`EXECUTION_ID_`,`PROC_INST_ID_`,`PROC_DEF_ID_`,`NAME_`,`PARENT_TASK_ID_`,`DESCRIPTION_`,`TASK_DEF_KEY_`,`OWNER_`,`ASSIGNEE_`,`DELEGATION_`,`PRIORITY_`,`CREATE_TIME_`,`DUE_DATE_`,`CATEGORY_`,`SUSPENSION_STATE_`,`TENANT_ID_`,`FORM_KEY_`) values ('100017',2,'100001','100001','process:1:82508',NULL,NULL,NULL,'sid-9DCE1851-A5DD-4287-84E7-3DF1B6D5978D',NULL,'6',NULL,50,'2019-01-26 14:15:12.000',NULL,NULL,1,'',NULL),('100026',2,'100019','100019','process:1:82508',NULL,NULL,NULL,'sid-9DCE1851-A5DD-4287-84E7-3DF1B6D5978D',NULL,'6',NULL,50,'2019-01-26 14:16:35.000',NULL,NULL,1,'',NULL),('100035',2,'100028','100028','process:1:82508',NULL,NULL,NULL,'sid-9DCE1851-A5DD-4287-84E7-3DF1B6D5978D',NULL,'6',NULL,50,'2019-01-26 14:16:49.000',NULL,NULL,1,'',NULL),('100044',2,'100037','100037','process:1:82508',NULL,NULL,NULL,'sid-9DCE1851-A5DD-4287-84E7-3DF1B6D5978D',NULL,'6',NULL,50,'2019-01-26 14:16:57.000',NULL,NULL,1,'',NULL),('100053',2,'100046','100046','process:1:82508',NULL,NULL,NULL,'sid-9DCE1851-A5DD-4287-84E7-3DF1B6D5978D',NULL,'6',NULL,50,'2019-01-26 14:17:04.000',NULL,NULL,1,'',NULL),('100062',2,'100055','100055','process:1:82508',NULL,NULL,NULL,'sid-9DCE1851-A5DD-4287-84E7-3DF1B6D5978D',NULL,'6',NULL,50,'2019-01-26 14:17:11.000',NULL,NULL,1,'',NULL),('100071',2,'100064','100064','process:1:82508',NULL,NULL,NULL,'sid-9DCE1851-A5DD-4287-84E7-3DF1B6D5978D',NULL,'6',NULL,50,'2019-01-26 14:17:23.000',NULL,NULL,1,'',NULL),('100089',2,'100082','100082','process:1:82508',NULL,NULL,NULL,'sid-9DCE1851-A5DD-4287-84E7-3DF1B6D5978D',NULL,'6',NULL,50,'2019-01-26 14:17:40.000',NULL,NULL,1,'',NULL),('100098',2,'100091','100091','process:1:82508',NULL,NULL,NULL,'sid-9DCE1851-A5DD-4287-84E7-3DF1B6D5978D',NULL,'6',NULL,50,'2019-01-26 14:17:47.000',NULL,NULL,1,'',NULL),('100125',2,'100118','100118','process:1:82508',NULL,NULL,NULL,'sid-9DCE1851-A5DD-4287-84E7-3DF1B6D5978D',NULL,'6',NULL,50,'2019-01-26 14:18:12.000',NULL,NULL,1,'',NULL),('102508',2,'102501','102501','process:1:82508',NULL,NULL,NULL,'sid-9DCE1851-A5DD-4287-84E7-3DF1B6D5978D',NULL,'6',NULL,50,'2019-01-26 15:46:04.000',NULL,NULL,1,'',NULL),('95269',2,'95262','95262','process:1:82508',NULL,NULL,NULL,'sid-9DCE1851-A5DD-4287-84E7-3DF1B6D5978D',NULL,'9',NULL,50,'2019-01-26 13:46:59.000',NULL,NULL,1,'',NULL),('95287',2,'95280','95280','process:1:82508',NULL,NULL,NULL,'sid-9DCE1851-A5DD-4287-84E7-3DF1B6D5978D',NULL,'9',NULL,50,'2019-01-26 13:47:47.000',NULL,NULL,1,'',NULL),('95296',2,'95289','95289','process:1:82508',NULL,NULL,NULL,'sid-9DCE1851-A5DD-4287-84E7-3DF1B6D5978D',NULL,'9',NULL,50,'2019-01-26 13:47:57.000',NULL,NULL,1,'',NULL),('97508',2,'97501','97501','process:1:82508',NULL,NULL,NULL,'sid-9DCE1851-A5DD-4287-84E7-3DF1B6D5978D',NULL,'9',NULL,50,'2019-01-26 13:57:43.000',NULL,NULL,1,'',NULL),('97517',2,'97510','97510','process:1:82508',NULL,NULL,NULL,'sid-9DCE1851-A5DD-4287-84E7-3DF1B6D5978D',NULL,'9',NULL,50,'2019-01-26 13:58:15.000',NULL,NULL,1,'',NULL),('97526',2,'97519','97519','process:1:82508',NULL,NULL,NULL,'sid-9DCE1851-A5DD-4287-84E7-3DF1B6D5978D',NULL,'9',NULL,50,'2019-01-26 13:58:41.000',NULL,NULL,1,'',NULL),('97535',2,'97528','97528','process:1:82508',NULL,NULL,NULL,'sid-9DCE1851-A5DD-4287-84E7-3DF1B6D5978D',NULL,'9',NULL,50,'2019-01-26 13:58:57.000',NULL,NULL,1,'',NULL),('97586',2,'97555','97555','process:1:82508',NULL,NULL,NULL,'sid-0F2C513A-31D1-4D3D-BA2B-4C4DFB6DB4C4',NULL,'1',NULL,50,'2019-01-26 14:02:59.000',NULL,NULL,1,'',NULL);

/*Table structure for table `act_ru_variable` */

DROP TABLE IF EXISTS `act_ru_variable`;

CREATE TABLE `act_ru_variable` (
  `ID_` varchar(64) COLLATE utf8_bin NOT NULL,
  `REV_` int(11) DEFAULT NULL,
  `TYPE_` varchar(255) COLLATE utf8_bin NOT NULL,
  `NAME_` varchar(255) COLLATE utf8_bin NOT NULL,
  `EXECUTION_ID_` varchar(64) COLLATE utf8_bin DEFAULT NULL,
  `PROC_INST_ID_` varchar(64) COLLATE utf8_bin DEFAULT NULL,
  `TASK_ID_` varchar(64) COLLATE utf8_bin DEFAULT NULL,
  `BYTEARRAY_ID_` varchar(64) COLLATE utf8_bin DEFAULT NULL,
  `DOUBLE_` double DEFAULT NULL,
  `LONG_` bigint(20) DEFAULT NULL,
  `TEXT_` varchar(4000) COLLATE utf8_bin DEFAULT NULL,
  `TEXT2_` varchar(4000) COLLATE utf8_bin DEFAULT NULL,
  PRIMARY KEY (`ID_`),
  KEY `ACT_IDX_VARIABLE_TASK_ID` (`TASK_ID_`),
  KEY `ACT_FK_VAR_EXE` (`EXECUTION_ID_`),
  KEY `ACT_FK_VAR_PROCINST` (`PROC_INST_ID_`),
  KEY `ACT_FK_VAR_BYTEARRAY` (`BYTEARRAY_ID_`),
  CONSTRAINT `ACT_FK_VAR_BYTEARRAY` FOREIGN KEY (`BYTEARRAY_ID_`) REFERENCES `act_ge_bytearray` (`ID_`),
  CONSTRAINT `ACT_FK_VAR_EXE` FOREIGN KEY (`EXECUTION_ID_`) REFERENCES `act_ru_execution` (`ID_`),
  CONSTRAINT `ACT_FK_VAR_PROCINST` FOREIGN KEY (`PROC_INST_ID_`) REFERENCES `act_ru_execution` (`ID_`)
) ENGINE=InnoDB DEFAULT CHARSET=utf8 COLLATE=utf8_bin;

/*Data for the table `act_ru_variable` */

insert  into `act_ru_variable`(`ID_`,`REV_`,`TYPE_`,`NAME_`,`EXECUTION_ID_`,`PROC_INST_ID_`,`TASK_ID_`,`BYTEARRAY_ID_`,`DOUBLE_`,`LONG_`,`TEXT_`,`TEXT2_`) values ('100010',1,'boolean','agree','100001','100001',NULL,NULL,NULL,0,NULL,NULL),('97581',1,'boolean','agree','97555','97555',NULL,NULL,NULL,0,NULL,NULL);

/*Table structure for table `jxc_menu` */

DROP TABLE IF EXISTS `jxc_menu`;

CREATE TABLE `jxc_menu` (
  `id_` varchar(255) NOT NULL COMMENT '主键id',
  `text_` varchar(255) DEFAULT NULL COMMENT '菜单名称',
  `icon_` varchar(255) DEFAULT NULL COMMENT '菜单图标',
  `url_` varchar(255) DEFAULT NULL COMMENT '菜单链接',
  `pid_` varchar(255) DEFAULT NULL COMMENT '父及菜单id',
  `order_` int(11) DEFAULT NULL COMMENT '排序字段',
  `flag_` varchar(255) DEFAULT NULL COMMENT '备用字段',
  PRIMARY KEY (`id_`)
) ENGINE=InnoDB DEFAULT CHARSET=utf8;

/*Data for the table `jxc_menu` */

insert  into `jxc_menu`(`id_`,`text_`,`icon_`,`url_`,`pid_`,`order_`,`flag_`) values ('1','系统管理','icon-leaf','','',1,'xtgli'),('11','出入库管理','icon-gift','','',1,NULL),('111','用户管理','icon-user','/view/user.html','1',1,NULL),('22','出库单','icon-smile','/view/productOrderOn.html','11',1,'ckd'),('3','角色管理','icon-fire','/view/role.html','1',2,'jsgl'),('33','单据审核','icon-leaf','/view/productOrderReview.html','11',2,'djsh'),('4','材料类别','icon-leaf','/view/type.html','1',3,NULL),('44','入库单','icon-circle','/view/productOrderOn.html','11',3,'rkd'),('5','菜单管理','icon-circle','/view/menu.html','1',4,'cdgl'),('55','库存汇总','icon-leaf','/view/product.html','11',4,'kchz'),('9533895c767a4fdaac4a299b168f3ccd','老弟15','icon-leaf','','',1,NULL),('e94c6eeb1c29454580c27edb0de253f8','来了老弟','icon-leaf','','9533895c767a4fdaac4a299b168f3ccd',18,NULL);

/*Table structure for table `jxc_menu_role` */

DROP TABLE IF EXISTS `jxc_menu_role`;

CREATE TABLE `jxc_menu_role` (
  `id_` varchar(255) NOT NULL,
  `menu_id_` varchar(255) DEFAULT NULL,
  `role_id_` varchar(255) DEFAULT NULL,
  PRIMARY KEY (`id_`)
) ENGINE=InnoDB DEFAULT CHARSET=utf8;

/*Data for the table `jxc_menu_role` */

insert  into `jxc_menu_role`(`id_`,`menu_id_`,`role_id_`) values ('048dfc8e-d73e-42ec-8e65-0a7c6273c0d9','55','3'),('1034e65b-4f33-4b22-bbae-7dfc93852b88','3','3'),('2','3','1'),('20da2238-cf8e-4ec2-aee7-a8a0633e401e','33','3'),('2111bba3-89fa-4dae-a1e8-0ab1b11a808b','55','29'),('349b6383-ff2e-4ef8-b9e9-524b76fb2f5d','11','6'),('47f936d1-1c9b-48d8-a834-903a3144a579','5','3'),('6af8a1b7-1cff-492b-80f7-92d9bbf2c3bf','111','3'),('7','1','1'),('7a4d8fd6-5fba-462e-9650-c80f0111d540','55','5'),('86858492-faf4-4bed-93fd-fa9ebc903c3e','11','29'),('8e10735f-9cff-4586-bf6a-1c8c339182f4','4','3'),('8f4ddf73-ba71-4481-9d38-1862ddae53fc','33','29'),('b07a848e-7d2d-4703-be99-b059e3f09f24','1','3'),('b1dcc132-3bed-48cd-b1a6-afe24224f637','11','5'),('c0f80d27-0891-48b1-9aeb-835d3b4816f5','11','3'),('c7440038-a326-4feb-aed1-0db50f71f34a','55','6'),('cb2c2816-2120-45be-ae77-e9cb34bdc727','44','6'),('f6304ffd-568b-4e99-8fda-57b23925bb5a','22','5');

/*Table structure for table `jxc_product` */

DROP TABLE IF EXISTS `jxc_product`;

CREATE TABLE `jxc_product` (
  `id_` varchar(255) NOT NULL COMMENT '主键id',
  `type_id_` varchar(255) DEFAULT NULL COMMENT '类别id',
  `total_` int(11) DEFAULT NULL COMMENT '库存量',
  `price_` int(11) DEFAULT NULL,
  PRIMARY KEY (`id_`),
  KEY `type_id_` (`type_id_`),
  CONSTRAINT `jxc_product_ibfk_1` FOREIGN KEY (`type_id_`) REFERENCES `jxc_type` (`id_`)
) ENGINE=InnoDB DEFAULT CHARSET=utf8;

/*Data for the table `jxc_product` */

insert  into `jxc_product`(`id_`,`type_id_`,`total_`,`price_`) values ('51','122',900054546,45),('8cd97a76-3b99-43ff-a8a9-11fa9f1ff391','21',963913137,7787),('9e335c50-e168-424f-a30f-14a877b3647f','112',9014245,9000000),('d5076805-6315-45fe-9d0b-7e5d817c31f7','121',8638796,757575),('d52a1088-386e-4160-b3f1-305a9414bbc8','111',111940993,800);

/*Table structure for table `jxc_product_order` */

DROP TABLE IF EXISTS `jxc_product_order`;

CREATE TABLE `jxc_product_order` (
  `id_` varchar(64) NOT NULL DEFAULT '' COMMENT '主键id',
  `type_id_` varchar(64) DEFAULT NULL COMMENT '类别id',
  `number_` int(11) DEFAULT NULL COMMENT '销售/采购数量',
  `price_` int(11) DEFAULT NULL COMMENT '单价',
  `creater_id_` varchar(64) DEFAULT NULL COMMENT '提交人',
  `creater_` varchar(20) DEFAULT NULL COMMENT '提交人id',
  `order_type_` int(1) DEFAULT NULL COMMENT '单据类型:1入库;2出库',
  `create_date_` datetime DEFAULT NULL COMMENT '订单创建时间',
  `status_` int(1) DEFAULT NULL COMMENT '订单状态:1.在途;2.驳回;3.结束',
  `remark_` varchar(300) DEFAULT NULL,
  PRIMARY KEY (`id_`)
) ENGINE=InnoDB DEFAULT CHARSET=utf8;

/*Data for the table `jxc_product_order` */

insert  into `jxc_product_order`(`id_`,`type_id_`,`number_`,`price_`,`creater_id_`,`creater_`,`order_type_`,`create_date_`,`status_`,`remark_`) values ('056d2a5e-95b7-468b-9ba0-c777bec9832a','221',575757,575757,'22','旺财',1,'2019-01-26 10:55:49',3,'非人非'),('093ed8b6-7554-46f0-bc01-84697dd535d8','23',78787,7878,'22','旺财',1,'2019-01-26 10:56:00',3,'111111111111111111'),('0d85f799-12a4-41c1-ad3a-27bcba48ed6e','221',99,1,'1','刘春桔',2,'2019-01-26 13:58:57',1,NULL),('115d93f0-9f53-46c5-bce5-ce2a1b3ad497','112',444,1111,'22','旺财',1,'2019-01-26 14:16:49',1,NULL),('145ec89b-8dd4-4baa-b30c-05b1dfbb6fb0','122',54545,5454,'22','旺财',1,'2019-01-26 13:32:54',3,'3453543543'),('21d2d3bc-2e09-44b7-821d-894f865e6039','112',444,4444,'22','旺财',1,'2019-01-26 14:17:47',1,NULL),('2df5fa18-cc88-4a14-ae3b-3d0e770baf65','111',800,800,'22','旺财',1,'2019-01-25 16:05:08',3,'太少了'),('3104938d-9e4b-48e1-b367-8c7564241537','21',67878798,7678667,'22','旺财',1,'2019-01-26 13:34:48',3,'35434535434'),('3399f2dc-3f3f-490f-9178-7acb009e2fab','112',9898,987898989,'22','旺财',1,'2019-01-26 14:18:12',1,NULL),('386a1a47-c2bb-46be-ae18-d5ac9024c826','221',8989,9999,'1','刘春桔',2,'2019-01-26 14:00:04',2,'产品库存不足，待补足后再申请'),('39bf7b79-cc41-4b01-a692-c5b2d0f8b512','121',234354,1211212,'22','旺财',1,'2019-01-26 13:34:30',3,'34345354'),('3da39729-28b9-4d27-838b-4990e0ebda20','111',575757,545757,'22','旺财',1,'2019-01-26 10:56:46',3,'1111111111111111111'),('3eaa72ed-74d2-4cfe-98d0-a189148bff23','112',14245,11111,'22','旺财',1,'2019-01-26 13:34:16',3,'3453543453'),('3f348315-63bd-4e6a-a023-8d916423e2f7','121',545454,54545,'22','旺财',1,'2019-01-26 13:33:27',3,'345345345'),('41823b6e-f307-43f7-9430-34e49e86c730','21',9000,500,'1','刘春桔',2,'2019-01-25 16:17:17',3,NULL),('49ed1d0d-f8ce-446c-86de-f0b6e5106473','221',654544,654544,'1','刘春桔',2,'2019-01-26 13:59:29',3,NULL),('4e6bbbf0-8f32-4481-a943-6a7de0f74a85','111',11,115,'1','刘春桔',2,'2019-01-26 13:57:43',1,NULL),('53f9af2d-f682-4034-87ea-2c72698a2d24','122',555,2555,'1','刘春桔',2,'2019-01-26 13:58:15',1,NULL),('55f7cb4a-9cd4-4f65-a6b4-d21029510f71','112',8787,787,'22','旺财',1,'2019-01-26 14:16:57',1,NULL),('597123de-c64e-42c7-99c0-77b068357255','21',54545,24242,'22','旺财',1,'2019-01-26 13:32:34',3,'345354345345'),('5a36458f-6628-4082-a43e-f429d7152ced','21',878787,7787,'22','旺财',1,'2019-01-26 11:43:55',3,NULL),('5bfd6277-2720-4e35-b683-e8425d0292a2','112',8787878,878787,'22','旺财',1,'2019-01-26 14:17:23',1,NULL),('5e8b5756-6bdb-4259-802b-240fa162ba90','221',78787,78787,'22','旺财',1,'2019-01-26 13:33:42',3,'3543453453'),('5efc5e30-e3af-46ef-8f5a-dbb5ddabd22b','121',5454,5454,'22','旺财',1,'2019-01-26 13:33:05',3,'3453543543'),('5fd1a916-cdbb-4734-9286-5d971cdf3015','121',9000,5,'1','刘春桔',2,'2019-01-26 13:47:47',1,NULL),('6198246d-e393-47e7-9318-91f37c365290','112',9000000,9000000,'22','旺财',1,'2019-01-25 16:07:25',3,'1551111111111111111111111'),('6fe5edba-745c-4733-a985-25da2fbf78fb','121',9000,500,'1','刘春桔',2,'2019-01-26 15:46:04',1,NULL),('7cb38681-bf41-4e48-9b48-5465f8cbefb7','111',800,800,'22','旺财',1,'2019-01-25 16:04:54',3,'太少了！'),('80941284-6a00-4dc7-bd9b-915ee6f5e96a','21',858585858,85858585,'22','旺财',1,'2019-01-26 13:37:56',3,NULL),('8b7a1111-8a33-42fc-950b-10e92b0af150','21',171000,171000,'1','刘春桔',2,'2019-01-25 16:19:04',3,NULL),('8cbace09-2b95-45af-b31a-17380ac0ea88','21',7575757,57757,'22','旺财',1,'2019-01-26 10:56:32',3,'11111111111111111111111'),('947087cf-18bd-4282-baaf-e39b86f625f3','21',555,11,'1','刘春桔',2,'2019-01-26 13:58:41',1,NULL),('9869963d-436b-4b35-b549-ba1e353f8948','221',5,5,'1','刘春桔',2,'2019-01-26 13:47:57',1,NULL),('9abfb2dd-7a24-4380-b10f-b9e4d940488b','111',8585858,5858585,'22','旺财',1,'2019-01-26 13:46:59',1,NULL),('9e8f21cf-8c6c-4e4a-87f5-f8d597dec82c','121',7777777,500,'22','旺财',1,'2019-01-26 13:29:01',3,NULL),('a100a1a2-0037-4124-8378-31daef1096df','112',10,111,'22','旺财',1,'2019-01-26 14:16:35',1,NULL),('a68e27d8-ee10-497e-b4b9-edbd49f44e40','121',2147483647,2147483647,'22','旺财',1,'2019-01-25 16:14:13',3,NULL),('aea83dc4-4751-4c11-8de4-9667a8036470','112',444,444,'22','旺财',1,'2019-01-26 14:17:40',1,NULL),('b3a76aa1-cd66-47d1-98d8-7e42f0ef1031','112',787878,878787,'22','旺财',1,'2019-01-26 14:17:04',1,NULL),('b4187522-97c5-4d5d-bc5e-0803f6253ce0','23',11111,111111,'22','旺财',1,'2019-01-26 13:34:05',3,'225732453453'),('b4ce54e9-059d-43a0-bc2a-90f53e0911e5','112',888888888,88,'1','刘春桔',2,'2019-01-26 14:12:19',1,'8888888888888888888888888888888'),('b9bbcd38-986d-45ea-a812-a2f700793e9c','122',1,1,'22','旺财',1,'2019-01-26 12:22:25',3,NULL),('bd569f72-ef70-4a47-8d2e-9e38d77cdbc7','112',78787,87878,'22','旺财',1,'2019-01-26 14:17:11',1,NULL),('c1931038-14e9-4e30-afc0-7587850be7ef','21',7575757,5757575,'22','旺财',1,'2019-01-26 10:55:38',3,'1111111111111111'),('c337a186-abf5-422c-971b-4180b4bc3e75','21',242424,2424,'22','旺财',1,'2019-01-26 10:55:10',3,'1111111111111111111'),('cb318eaf-4e0e-4815-a5c5-9c8b7b8f5f71','121',75757,757575,'22','旺财',1,'2019-01-26 10:55:25',3,'1111111111111111111'),('d0224566-c4f9-4233-b674-f4721dfcfae1','23',107898,500,'1','刘春桔',2,'2019-01-26 13:44:51',3,NULL),('d16485d1-900a-4c09-a33d-0ca180d70702','111',111111111,111111,'22','旺财',1,'2019-01-26 13:32:00',3,NULL),('e1787f34-d546-4b8e-9985-1648af6d384c','21',4545454,545454,'22','旺财',1,'2019-01-26 13:33:15',3,'范德萨发达发放'),('e1a2bded-0aac-4eca-9ba9-f594ffc0c737','21',7575757,457575,'22','旺财',1,'2019-01-26 13:46:10',3,NULL),('e3c727d9-7b4f-4dfc-b7ea-71ae21c1da8b','21',9000000,9000000,'22','旺财',1,'2019-01-26 10:53:01',3,'111111111111111'),('e6460ae4-0bb0-4bae-b265-ebe647bd64e9','111',252525,252525,'22','旺财',1,'2019-01-26 10:54:10',3,'11111111111'),('e6a7fb22-122a-4f0e-8e4e-4cb7a6a8d9b8','23',9000,9000,'22','旺财',1,'2019-01-25 16:20:00',3,NULL),('f074b212-dc13-4943-bebc-7af00a839655','23',252525,2525,'22','旺财',1,'2019-01-26 10:53:52',2,'181818');

/*Table structure for table `jxc_role` */

DROP TABLE IF EXISTS `jxc_role`;

CREATE TABLE `jxc_role` (
  `id_` varchar(255) NOT NULL,
  `name_` varchar(255) DEFAULT NULL,
  `flag_` varchar(255) DEFAULT NULL,
  PRIMARY KEY (`id_`)
) ENGINE=InnoDB DEFAULT CHARSET=utf8;

/*Data for the table `jxc_role` */

insert  into `jxc_role`(`id_`,`name_`,`flag_`) values ('1','职员','employee'),('29','经理','manager'),('3','系统管理员','admin'),('4','测试','test'),('5','销售','sale'),('6','采购','purchase');

/*Table structure for table `jxc_role_user` */

DROP TABLE IF EXISTS `jxc_role_user`;

CREATE TABLE `jxc_role_user` (
  `id_` varchar(255) NOT NULL,
  `user_id_` varchar(255) DEFAULT NULL,
  `role_id_` varchar(255) DEFAULT NULL,
  PRIMARY KEY (`id_`)
) ENGINE=InnoDB DEFAULT CHARSET=utf8;

/*Data for the table `jxc_role_user` */

insert  into `jxc_role_user`(`id_`,`user_id_`,`role_id_`) values ('233466a1-c075-43e4-95ac-d23526a91638','22','6'),('262813ed-3c60-412c-a03a-e063612332d2','10','28'),('55370264-e590-4695-b4e5-6452f30d7a7b','8','29'),('6','3','1'),('63895d39-c7cc-4c14-80e5-c619ecd87766','9','29'),('7','3','2'),('bbb2c940-53f7-4ce9-9387-045a1a88622a','6','29'),('c45de784-dd82-49eb-8b14-8a40bcee8c2f','1','5'),('e01b3e4c-260e-4f78-a22f-e9c5ec8e108f','2','3'),('f11a2d52-0b22-4b4a-853d-bfb1428bced1','10','29');

/*Table structure for table `jxc_type` */

DROP TABLE IF EXISTS `jxc_type`;

CREATE TABLE `jxc_type` (
  `id_` varchar(255) NOT NULL COMMENT '主键id',
  `name_` varchar(255) DEFAULT NULL COMMENT '类别名称',
  `p_id_` varchar(255) DEFAULT NULL COMMENT '父级节点id',
  `create_time_` datetime DEFAULT NULL COMMENT '创建时间',
  PRIMARY KEY (`id_`)
) ENGINE=InnoDB DEFAULT CHARSET=utf8;

/*Data for the table `jxc_type` */

insert  into `jxc_type`(`id_`,`name_`,`p_id_`,`create_time_`) values ('1','食品','',NULL),('11','饼干','1',NULL),('111','闲趣原味','11',NULL),('112','闲趣草莓味','11',NULL),('12','饮料','1',NULL),('121','可乐','12',NULL),('122','雪碧','12',NULL),('2','服饰','',NULL),('21','短裤','2',NULL),('22','卫衣','2',NULL),('221','优衣库','22',NULL),('23','牛仔裤','2',NULL),('882a9a1d13094c1caba521bd4d8c4b7a','FELA','22',NULL);

/*Table structure for table `jxc_user` */

DROP TABLE IF EXISTS `jxc_user`;

CREATE TABLE `jxc_user` (
  `id_` varchar(255) NOT NULL,
  `account_` varchar(255) DEFAULT NULL,
  `name_` varchar(255) DEFAULT NULL,
  `password_` varchar(255) DEFAULT NULL,
  `email_` varchar(255) DEFAULT NULL,
  `birthday_` date DEFAULT NULL,
  `remark_` varchar(255) DEFAULT NULL,
  `photo_` varchar(255) DEFAULT NULL,
  `create_time_` date DEFAULT NULL,
  PRIMARY KEY (`id_`)
) ENGINE=InnoDB DEFAULT CHARSET=utf8;

/*Data for the table `jxc_user` */

insert  into `jxc_user`(`id_`,`account_`,`name_`,`password_`,`email_`,`birthday_`,`remark_`,`photo_`,`create_time_`) values ('1','lcj','刘春桔','123456',NULL,'2019-01-18',NULL,NULL,NULL),('2','admin','系统管理员','admin',NULL,'2019-01-18',NULL,NULL,NULL),('22','wangcai','旺财','123456',NULL,'2019-01-01',NULL,NULL,NULL),('6','zhongkui','钟馗','123456',NULL,'2019-01-17',NULL,NULL,NULL),('8','xiaoqiang','小强','123456',NULL,'2019-01-18',NULL,NULL,NULL),('9','xiangyu','项羽','123456',NULL,'2019-01-18',NULL,NULL,NULL);

/*!40101 SET SQL_MODE=@OLD_SQL_MODE */;
/*!40014 SET FOREIGN_KEY_CHECKS=@OLD_FOREIGN_KEY_CHECKS */;
/*!40014 SET UNIQUE_CHECKS=@OLD_UNIQUE_CHECKS */;
/*!40111 SET SQL_NOTES=@OLD_SQL_NOTES */;
